District,Year,Season,Average_Yield,Production,Sown_Extent,Harvested_Extent,avg_temp,max_temp,min_temp,total_rainfall,total_rain,rainy_days,wind_speed,evapotranspiration,pH,soil_type,zone,temp_range,rain_per_day,harvest_ratio,water_stress
COLOMBO,1979,Maha,2713.0,16.2,7195.0,7006.0,25.99,29.48,23.59,1640.5,1640.5,147.0,12.03,659.07,4.4,Red Yellow Podzolic,Wet,5.890000000000001,11.08445945945946,0.9735964424680378,0.4015047212915017
COLOMBO,1979,Yala,2026.0,6.1,3634.0,3550.0,27.03,29.96,24.84,933.2,933.2,170.0,15.57,730.53,4.4,Red Yellow Podzolic,Wet,5.120000000000001,5.457309941520468,0.9766162310866575,0.7819845857418111
COLOMBO,1980,Maha,2689.0,15.9,7045.0,6928.0,26.28,29.9,23.54,676.8,676.8,118.0,13.96,746.21,4.4,Red Yellow Podzolic,Wet,6.359999999999999,5.687394957983193,0.9832529094521715,1.100929477722042
COLOMBO,1980,Yala,2139.0,10.3,5773.0,5667.0,27.01,29.88,24.9,1141.0,1141.0,175.0,15.37,709.32,4.4,Red Yellow Podzolic,Wet,4.98,6.482954545454546,0.9814686525805334,0.6211208406304729
COLOMBO,1981,Maha,2936.0,17.7,7129.0,7063.0,25.7,29.26,22.94,777.0,777.0,114.0,12.71,708.95,4.4,Red Yellow Podzolic,Wet,6.32,6.756521739130434,0.9906030855539972,0.9112467866323908
COLOMBO,1981,Yala,2311.0,12.0,6247.0,6106.0,26.76,29.56,24.77,1004.4,1004.4,180.0,14.89,684.19,4.4,Red Yellow Podzolic,Wet,4.789999999999999,5.549171270718232,0.9772727272727273,0.6805152178237518
COLOMBO,1982,Maha,3260.0,19.4,7076.0,6987.0,26.02,29.71,23.34,1099.9,1099.9,124.0,12.75,702.88,4.4,Red Yellow Podzolic,Wet,6.370000000000001,8.7992,0.9872827469266638,0.6384594422745026
COLOMBO,1982,Yala,2667.0,13.0,5911.0,5719.0,26.7,29.53,24.64,1157.1,1157.1,179.0,15.29,687.43,4.4,Red Yellow Podzolic,Wet,4.890000000000001,6.428333333333333,0.9673545331529093,0.5935843191434246
COLOMBO,1983,Maha,2882.0,16.4,6863.0,6681.0,26.23,29.7,23.6,771.9,771.9,127.0,13.45,694.25,4.4,Red Yellow Podzolic,Wet,6.099999999999998,6.03046875,0.9733391608391608,0.8982403933238453
COLOMBO,1983,Yala,1779.0,3.8,2606.0,2540.0,27.49,30.41,25.31,1010.3,1010.3,166.0,15.76,730.72,4.4,Red Yellow Podzolic,Wet,5.100000000000001,6.049700598802395,0.9742999616417338,0.7225551270641749
COLOMBO,1984,Maha,2756.0,16.0,6688.0,6647.0,25.47,28.73,23.21,1222.3,1222.3,147.0,13.33,639.74,4.4,Red Yellow Podzolic,Wet,5.52,8.258783783783784,0.99372103453431,0.5229624785416497
COLOMBO,1984,Yala,2287.0,10.7,5824.0,5507.0,26.19,28.82,24.33,1355.9,1355.9,167.0,15.56,656.65,4.4,Red Yellow Podzolic,Wet,4.490000000000002,8.070833333333335,0.9454077253218884,0.4839339671309602
COLOMBO,1985,Maha,2961.0,16.3,6523.0,6447.0,25.65,29.03,23.22,1229.5,1229.5,145.0,13.0,654.95,4.4,Red Yellow Podzolic,Wet,5.810000000000002,8.42123287671233,0.9881974248927039,0.5322633075985372
COLOMBO,1985,Yala,2478.0,10.1,4986.0,4785.0,26.33,28.91,24.48,1400.3,1400.3,179.0,15.44,649.3,4.4,Red Yellow Podzolic,Wet,4.43,7.779444444444445,0.9594946861840786,0.46335545564832653
COLOMBO,1986,Maha,3326.0,18.3,6524.0,6460.0,25.75,29.15,23.31,786.6,786.6,145.0,13.17,668.15,4.4,Red Yellow Podzolic,Wet,5.84,5.387671232876713,0.9900383141762452,0.848336719146775
COLOMBO,1986,Yala,2841.0,13.7,5728.0,5651.0,26.43,29.12,24.53,1041.0,1041.0,178.0,15.32,676.87,4.4,Red Yellow Podzolic,Wet,4.59,5.815642458100559,0.9863850584744284,0.6495873320537429
COLOMBO,1987,Maha,3435.0,18.0,6195.0,6162.0,26.34,29.79,23.87,1072.6,1072.6,130.0,13.57,688.46,4.4,Red Yellow Podzolic,Wet,5.919999999999998,8.187786259541983,0.9945125887669464,0.6412630402384502
COLOMBO,1987,Yala,2269.0,7.4,4008.42,3826.0,27.25,30.15,25.12,1034.3,1034.3,176.0,14.73,718.84,4.4,Red Yellow Podzolic,Wet,5.029999999999998,5.843502824858756,0.9542527348095236,0.694330145851444
COLOMBO,1988,Maha,2940.0,15.7,6328.0,6250.0,26.38,30.06,23.6,929.1,929.1,123.0,13.37,742.81,4.4,Red Yellow Podzolic,Wet,6.459999999999997,7.492741935483871,0.9875177753199558,0.7986345554241479
COLOMBO,1988,Yala,2908.0,12.7,5157.0,5138.0,26.76,29.4,24.95,1767.3,1767.3,179.0,14.69,622.93,4.4,Red Yellow Podzolic,Wet,4.449999999999999,9.818333333333333,0.9961225281116712,0.35227619747780353
COLOMBO,1989,Maha,3375.0,18.5,6443.0,6426.0,26.1,29.81,23.34,1135.0,1135.0,115.0,13.39,709.99,4.4,Red Yellow Podzolic,Wet,6.469999999999999,9.78448275862069,0.9972067039106145,0.6249911971830986
COLOMBO,1989,Yala,2251.0,6.8,3559.0,3542.0,26.49,29.25,24.53,1497.6,1497.6,174.0,15.86,654.83,4.4,Red Yellow Podzolic,Wet,4.719999999999999,8.557714285714285,0.994943820224719,0.43696116375283606
COLOMBO,1990,Maha,2970.0,16.1,6346.0,6344.0,26.19,29.7,23.57,1229.6,1229.6,138.0,13.37,693.4,4.4,Red Yellow Podzolic,Wet,6.129999999999999,8.846043165467625,0.9995273357491729,0.5634649764342597
COLOMBO,1990,Yala,2477.0,10.2,4836.0,4819.0,26.77,29.46,24.89,1266.6,1266.6,177.0,15.4,671.58,4.4,Red Yellow Podzolic,Wet,4.57,7.115730337078651,0.9962786851354145,0.5298043546860209
COLOMBO,1991,Maha,3567.0,19.2,6314.0,6311.0,25.92,29.42,23.34,1043.4,1043.4,134.0,13.18,682.46,4.4,Red Yellow Podzolic,Wet,6.080000000000002,7.728888888888889,0.9993665874901029,0.6534469551895825
COLOMBO,1991,Yala,2013.0,8.2,4815.0,4758.0,26.88,29.67,24.88,1264.2,1264.2,179.0,15.16,687.85,4.4,Red Yellow Podzolic,Wet,4.790000000000003,7.023333333333333,0.9879568106312292,0.5436689851406892
COLOMBO,1992,Maha,3290.0,16.8,6024.0,6010.0,25.92,29.44,23.33,987.8,987.8,121.0,14.12,702.0,4.4,Red Yellow Podzolic,Wet,6.110000000000003,8.09672131147541,0.9975103734439834,0.7099514563106797
COLOMBO,1992,Yala,1602.0,2.4,1877.0,1762.0,27.03,29.95,24.85,1229.5,1229.5,168.0,16.01,704.83,4.4,Red Yellow Podzolic,Wet,5.099999999999998,7.275147928994083,0.9382321618743344,0.5727996749288907
COLOMBO,1993,Maha,3240.0,15.9,5785.0,5777.0,25.92,29.4,23.39,1233.3,1233.3,137.0,13.33,666.9,4.4,Red Yellow Podzolic,Wet,6.009999999999998,8.93695652173913,0.9984445212582095,0.5403062464554809
COLOMBO,1993,Yala,2150.0,3.8,2146.0,2101.0,26.62,29.44,24.59,1252.9,1252.9,176.0,15.22,678.44,4.4,Red Yellow Podzolic,Wet,4.850000000000001,7.078531073446328,0.9785747554727526,0.5410638806922402
COLOMBO,1994,Maha,3148.0,14.9,5608.0,5566.0,25.72,29.13,23.4,1165.4,1165.4,140.0,13.32,646.67,4.4,Red Yellow Podzolic,Wet,5.73,8.265248226950355,0.9923337493314316,0.5544152949245541
COLOMBO,1994,Yala,2136.0,6.6,3675.35,3645.0,26.49,29.22,24.5,1281.4,1281.4,177.0,15.18,665.69,4.4,Red Yellow Podzolic,Wet,4.719999999999999,7.198876404494382,0.9914725202986658,0.5190970056144729
COLOMBO,1995,Maha,3157.0,14.2,5359.0,5291.0,26.24,29.7,23.71,883.0,883.0,133.0,13.89,704.9,4.4,Red Yellow Podzolic,Wet,5.989999999999998,6.58955223880597,0.9871268656716418,0.7973981900452488
COLOMBO,1995,Yala,1796.0,2.9,1917.0,1905.0,26.62,29.51,24.63,1589.5,1589.5,176.0,14.96,666.32,4.4,Red Yellow Podzolic,Wet,4.880000000000003,8.980225988700566,0.9932221063607924,0.4189374410562716
COLOMBO,1996,Maha,3490.0,15.7,5286.0,5282.0,25.84,29.29,23.26,1342.8,1342.8,143.0,13.43,685.61,4.4,Red Yellow Podzolic,Wet,6.029999999999998,9.325,0.9990542840930584,0.5102024110730764
COLOMBO,1996,Yala,2080.0,2.2,1369.0,1255.0,26.62,29.35,24.63,1230.9,1230.9,171.0,15.74,668.86,4.4,Red Yellow Podzolic,Wet,4.720000000000002,7.15639534883721,0.916058394160584,0.5429499147658089
COLOMBO,1997,Maha,3220.0,14.6,5354.0,5337.0,26.07,29.77,23.43,1544.0,1544.0,136.0,11.49,698.36,4.4,Red Yellow Podzolic,Wet,6.34,11.27007299270073,0.9966386554621849,0.4520129449838188
COLOMBO,1997,Yala,2032.0,2.9,1730.0,1695.0,26.92,29.93,24.7,1169.7,1169.7,175.0,14.79,709.79,4.4,Red Yellow Podzolic,Wet,5.23,6.646022727272728,0.9792027729636048,0.6062953788331766
COLOMBO,1998,Maha,3442.0,14.4,4912.0,4905.0,26.52,29.72,24.12,1340.7,1340.7,131.0,13.78,666.04,4.4,Red Yellow Podzolic,Wet,5.599999999999998,10.156818181818181,0.9983716670059027,0.4964149959007229
COLOMBO,1998,Yala,2532.0,0.9,439.0,412.0,27.71,30.71,25.56,1349.4,1349.4,176.0,15.08,725.92,4.4,Red Yellow Podzolic,Wet,5.150000000000002,7.623728813559323,0.9363636363636364,0.5375592417061611
COLOMBO,1999,Maha,3209.0,12.5,4799.0,4559.0,25.62,29.03,23.21,1327.7,1327.7,137.0,13.7,652.58,4.4,Red Yellow Podzolic,Wet,5.82,9.621014492753623,0.9497916666666667,0.491141717468202
COLOMBO,1999,Yala,2517.0,7.3,3380.0,3380.0,26.2,28.7,24.34,1399.6,1399.6,172.0,16.11,648.43,4.4,Red Yellow Podzolic,Wet,4.359999999999999,8.090173410404624,0.9997042295178941,0.46296587176924175
COLOMBO,2000,Maha,3518.0,12.4,4137.0,4136.0,25.73,28.99,23.36,1177.2,1177.2,140.0,13.85,657.33,4.4,Red Yellow Podzolic,Wet,5.629999999999999,8.348936170212767,0.9995166747220879,0.5579103717535223
COLOMBO,2000,Maha,3518.0,12.4,3857.0,4136.0,25.73,28.99,23.36,1177.2,1177.2,140.0,13.85,657.33,4.4,Red Yellow Podzolic,Wet,5.629999999999999,8.348936170212767,1.0720580611715915,0.5579103717535223
COLOMBO,2000,Maha,3518.0,12.4,4137.0,3855.0,25.73,28.99,23.36,1177.2,1177.2,140.0,13.85,657.33,4.4,Red Yellow Podzolic,Wet,5.629999999999999,8.348936170212767,0.9316094731754471,0.5579103717535223
COLOMBO,2000,Maha,3518.0,12.4,3857.0,3855.0,25.73,28.99,23.36,1177.2,1177.2,140.0,13.85,657.33,4.4,Red Yellow Podzolic,Wet,5.629999999999999,8.348936170212767,0.9992223950233281,0.5579103717535223
COLOMBO,2000,Maha,3723.0,12.4,4137.0,4136.0,25.73,28.99,23.36,1177.2,1177.2,140.0,13.85,657.33,4.4,Red Yellow Podzolic,Wet,5.629999999999999,8.348936170212767,0.9995166747220879,0.5579103717535223
COLOMBO,2000,Maha,3723.0,12.4,3857.0,4136.0,25.73,28.99,23.36,1177.2,1177.2,140.0,13.85,657.33,4.4,Red Yellow Podzolic,Wet,5.629999999999999,8.348936170212767,1.0720580611715915,0.5579103717535223
COLOMBO,2000,Maha,3723.0,12.4,4137.0,3855.0,25.73,28.99,23.36,1177.2,1177.2,140.0,13.85,657.33,4.4,Red Yellow Podzolic,Wet,5.629999999999999,8.348936170212767,0.9316094731754471,0.5579103717535223
COLOMBO,2000,Maha,3723.0,12.4,3857.0,3855.0,25.73,28.99,23.36,1177.2,1177.2,140.0,13.85,657.33,4.4,Red Yellow Podzolic,Wet,5.629999999999999,8.348936170212767,0.9992223950233281,0.5579103717535223
COLOMBO,2000,Yala,2733.0,2.3,1080.0,1076.0,26.39,28.95,24.5,1263.4,1263.4,174.0,15.77,650.26,4.4,Red Yellow Podzolic,Wet,4.449999999999999,7.219428571428572,0.9953746530989824,0.5142834546029736
COLOMBO,2001,Maha,3576.0,13.7,4494.0,4494.0,25.77,29.02,23.36,1010.4,1010.4,144.0,13.16,652.51,4.4,Red Yellow Podzolic,Wet,5.66,6.968275862068966,0.9997775305895439,0.6451552303737393
COLOMBO,2001,Yala,2698.0,2.2,954.0,954.0,26.7,29.37,24.7,1222.4,1222.4,177.0,15.29,682.93,4.4,Red Yellow Podzolic,Wet,4.670000000000002,6.867415730337079,0.9989528795811519,0.5582229851234264
COLOMBO,2002,Maha,3280.0,12.4,4677.0,4444.0,26.21,29.73,23.62,1277.9,1277.9,138.0,12.83,685.55,4.4,Red Yellow Podzolic,Wet,6.109999999999999,9.193525179856115,0.9499786233433091,0.5360466025490656
COLOMBO,2002,Yala,2464.0,4.4,2070.0,1966.0,26.87,29.72,24.85,1272.8,1272.8,176.0,15.13,691.18,4.4,Red Yellow Podzolic,Wet,4.869999999999997,7.190960451977401,0.9492998551424433,0.5426126550478881
COLOMBO,2003,Maha,3568.0,13.4,4430.0,4425.0,26.14,29.64,23.62,1097.6,1097.6,128.0,13.24,678.46,4.4,Red Yellow Podzolic,Wet,6.02,8.508527131782945,0.998645903859174,0.6175678135809213
COLOMBO,2003,Yala,2318.0,3.3,1792.0,1649.0,26.76,29.58,24.77,1462.3,1462.3,176.0,14.67,659.61,4.4,Red Yellow Podzolic,Wet,4.809999999999999,8.261581920903955,0.9196876742889013,0.45076881022346754
COLOMBO,2004,Maha,3251.0,12.7,4594.0,4592.0,26.33,30.08,23.71,1520.7,1520.7,142.0,13.02,690.12,4.4,Red Yellow Podzolic,Wet,6.369999999999997,10.634265734265735,0.9993471164309031,0.45351909049089834
COLOMBO,2004,Yala,2562.0,2.3,1070.0,1057.0,26.77,29.49,24.87,1335.3,1335.3,178.0,15.91,663.94,4.4,Red Yellow Podzolic,Wet,4.619999999999997,7.459776536312849,0.9869281045751634,0.4968495098406047
COLOMBO,2005,Maha,3275.0,12.3,4422.0,4416.0,26.01,29.27,23.66,1251.1,1251.1,127.0,13.79,649.99,4.4,Red Yellow Podzolic,Wet,5.609999999999999,9.77421875,0.9984173637802397,0.5191198786039454
COLOMBO,2005,Yala,2431.0,4.7,2263.0,2257.0,26.86,29.57,24.9,1146.6,1146.6,178.0,14.49,676.26,4.4,Red Yellow Podzolic,Wet,4.670000000000002,6.4055865921787705,0.9969081272084805,0.5892819797838968
COLOMBO,2006,Maha,3033.0,8.9,3354.0,3349.0,25.97,29.46,23.56,2005.4,2005.4,138.0,13.53,653.75,4.4,Red Yellow Podzolic,Wet,5.900000000000002,14.427338129496404,0.9982116244411326,0.325832336523126
COLOMBO,2006,Yala,2537.0,1.0,480.0,456.0,26.74,29.43,24.71,1204.2,1204.2,171.0,14.98,671.87,4.4,Red Yellow Podzolic,Wet,4.719999999999999,7.001162790697674,0.9480249480249481,0.5574759376037172
COLOMBO,2007,Maha,3502.0,11.2,3767.0,3767.0,26.14,29.64,23.5,944.3,944.3,119.0,13.64,684.22,4.4,Red Yellow Podzolic,Wet,6.140000000000001,7.869166666666667,0.9997346072186837,0.7238125462816037
COLOMBO,2007,Yala,3346.0,2.5,879.0,878.0,26.84,29.64,24.85,1556.2,1556.2,168.0,14.55,670.63,4.4,Red Yellow Podzolic,Wet,4.789999999999999,9.20828402366864,0.9977272727272727,0.43066401232982277
COLOMBO,2008,Maha,3554.0,13.6,4506.0,4504.0,25.94,29.27,23.39,1191.1,1191.1,136.0,12.5,672.63,4.4,Red Yellow Podzolic,Wet,5.879999999999999,8.694160583941605,0.9993343687597072,0.5642395772166765
COLOMBO,2008,Yala,3172.0,10.3,3832.0,3809.0,26.18,28.76,24.41,1792.9,1792.9,182.0,14.52,621.16,4.4,Red Yellow Podzolic,Wet,4.350000000000001,9.797267759562843,0.9937385859639969,0.34626233346340374
COLOMBO,2009,Maha,3505.0,14.2,4764.0,4763.0,26.22,29.71,23.59,1227.0,1227.0,132.0,13.14,694.36,4.4,Red Yellow Podzolic,Wet,6.120000000000001,9.225563909774436,0.9995802728226653,0.5654397394136808
COLOMBO,2009,Yala,3004.0,9.2,3615.0,3603.0,26.74,29.4,24.86,1302.8,1302.8,181.0,15.19,661.68,4.4,Red Yellow Podzolic,Wet,4.539999999999999,7.158241758241758,0.9964048672566371,0.5075011504832029
COLOMBO,2010,Maha,2706.0,10.6,4651.0,4625.0,26.07,29.14,23.83,1462.0,1462.0,141.0,13.67,627.88,4.4,Red Yellow Podzolic,Wet,5.310000000000002,10.295774647887324,0.9941960447119519,0.42917293233082704
COLOMBO,2010,Yala,3209.0,7.2,2656.0,2656.0,27.03,29.75,25.16,1474.7,1474.7,175.0,14.83,656.92,4.4,Red Yellow Podzolic,Wet,4.59,8.378977272727273,0.9996236356793377,0.4451582299925459
COLOMBO,2011,Maha,3477.0,13.6,4617.0,4616.0,25.72,28.82,23.5,1296.1,1296.1,144.0,14.16,613.87,4.4,Red Yellow Podzolic,Wet,5.32,8.938620689655172,0.9995669120831528,0.4732634338138926
COLOMBO,2011,Yala,2999.0,6.0,2378.0,2343.0,26.59,29.27,24.66,1183.3,1183.3,178.0,15.23,671.74,4.4,Red Yellow Podzolic,Wet,4.609999999999999,6.610614525139664,0.9848675914249685,0.5672042556784599
COLOMBO,2012,Maha,3597.0,12.4,4062.0,4062.0,26.02,29.42,23.54,1411.7,1411.7,132.0,12.43,659.87,4.4,Red Yellow Podzolic,Wet,5.880000000000003,10.614285714285714,0.9997538764459759,0.46709846393431015
COLOMBO,2012,Yala,3002.0,2.3,910.0,906.0,26.72,29.26,24.78,1010.5,1010.5,172.0,15.63,684.32,4.4,Red Yellow Podzolic,Wet,4.48,5.841040462427745,0.9945115257958288,0.6765397923875432
COLOMBO,2013,Maha,3551.0,11.2,3765.0,3726.0,26.0,29.17,23.59,1053.7,1053.7,127.0,14.53,663.58,4.4,Red Yellow Podzolic,Wet,5.580000000000002,8.23203125,0.9893786510886883,0.6291646913814355
COLOMBO,2013,Yala,2522.0,2.7,1257.0,1247.0,26.7,29.25,24.85,1430.3,1430.3,177.0,15.13,658.12,4.4,Red Yellow Podzolic,Wet,4.399999999999999,8.035393258426966,0.9912559618441972,0.45980577097743314
COLOMBO,2014,Maha,3431.0,10.2,3484.0,3482.0,26.22,29.62,23.79,1565.9,1565.9,142.0,13.32,658.81,4.4,Red Yellow Podzolic,Wet,5.830000000000002,10.95034965034965,0.9991391678622669,0.4204544004084497
COLOMBO,2014,Yala,3073.0,2.6,983.0,978.0,27.13,29.96,25.14,1124.6,1124.6,172.0,14.89,696.39,4.4,Red Yellow Podzolic,Wet,4.82,6.50057803468208,0.9939024390243902,0.618683368869936
COLOMBO,2015,Maha,3414.0,8.38,2896.0,2888.0,26.33,29.72,23.91,1679.1,1679.1,137.0,12.42,653.13,4.4,Red Yellow Podzolic,Wet,5.809999999999999,12.167391304347825,0.9968933379357956,0.3887447175763348
COLOMBO,2015,Yala,2275.0,2.5,1309.0,1302.0,27.04,29.85,24.99,1248.8,1248.8,177.0,14.36,700.15,4.4,Red Yellow Podzolic,Wet,4.860000000000003,7.015730337078652,0.9938931297709923,0.5602096335413667
COLOMBO,2016,Maha,3437.0,6.55,2242.0,2241.0,26.75,30.21,24.12,669.3,669.3,128.0,13.73,733.94,4.4,Red Yellow Podzolic,Wet,6.09,5.188372093023255,0.9991083370485956,1.0949425630314786
COLOMBO,2016,Yala,2567.0,0.87,402.0,398.0,27.58,30.37,25.6,1454.4,1454.4,176.0,15.54,711.68,4.4,Red Yellow Podzolic,Wet,4.77,8.216949152542373,0.9875930521091811,0.48899271677889233
COLOMBO,2017,Maha,3458.0,9.35,3183.0,3183.0,25.94,29.1,23.4,1557.2,1557.2,141.0,17.03,669.67,4.4,Red Yellow Podzolic,Wet,5.700000000000003,10.966197183098592,0.9996859296482412,0.429771531254011
COLOMBO,2017,Yala,2720.0,2.1,946.0,908.0,27.22,29.42,25.27,1597.6,1597.6,180.0,18.32,708.86,4.4,Red Yellow Podzolic,Wet,4.150000000000002,8.826519337016574,0.9588173178458289,0.4434254973101464
COLOMBO,2018,Maha,3509.0,9.64,3232.0,3232.0,26.08,29.47,23.31,953.5,953.5,139.0,15.71,705.37,4.4,Red Yellow Podzolic,Wet,6.16,6.810714285714286,0.9996906897618311,0.7389942378208486
COLOMBO,2018,Yala,3259.0,3.25,1175.0,1174.0,26.67,28.98,24.79,1484.1,1484.1,183.0,18.02,669.65,4.4,Red Yellow Podzolic,Wet,4.190000000000001,8.065760869565217,0.9982993197278912,0.45091239647161807
COLOMBO,2019,Maha,3521.0,8.57,2864.0,2864.0,26.13,29.46,23.6,1554.3,1554.3,162.0,14.96,658.61,4.4,Red Yellow Podzolic,Wet,5.859999999999999,9.535582822085889,0.999650959860384,0.4234617115669003
COLOMBO,2019,Yala,3064.0,2.05,892.0,788.0,27.56,30.0,25.37,1208.9,1208.9,177.0,18.19,726.89,4.4,Red Yellow Podzolic,Wet,4.629999999999999,6.7915730337078655,0.8824188129899216,0.6007851888585833
COLOMBO,2020,Yala,3281.0,8.98,3219.0,3219.0,27.44,29.88,25.3,1214.1,1214.1,175.0,17.26,709.24,4.4,Red Yellow Podzolic,Wet,4.579999999999998,6.898295454545454,0.9996894409937889,0.5836885853016213
COLOMBO,2021,Maha,2521.0,8.17,3830.0,3811.0,25.97,28.99,23.53,1564.0,1564.0,157.0,16.43,654.12,4.4,Red Yellow Podzolic,Wet,5.459999999999997,9.89873417721519,0.9947794309579744,0.4179680511182109
COLOMBO,2021,Yala,2455.0,4.9,2521.0,2348.0,26.86,29.15,24.88,1532.3,1532.3,180.0,17.83,692.32,4.4,Red Yellow Podzolic,Wet,4.27,8.46574585635359,0.9310071371927042,0.45152285919259116
COLOMBO,2022,Maha,2855.0,10.22,4215.0,4211.0,25.85,29.23,23.08,1193.6,1193.6,161.0,16.78,699.52,4.4,Red Yellow Podzolic,Wet,6.150000000000002,7.367901234567901,0.9988140417457305,0.585568391093253
COLOMBO,2022,Yala,2207.0,5.41,2880.0,2880.0,26.7,29.1,24.61,1610.2,1610.2,177.0,19.09,713.96,4.4,Red Yellow Podzolic,Wet,4.490000000000002,9.046067415730338,0.9996528982992017,0.4431231380337637
COLOMBO,2023,Maha,3402.0,10.55,3657.0,3648.0,25.61,29.09,23.11,2171.2,2171.2,160.0,15.67,635.69,4.4,Red Yellow Podzolic,Wet,5.98,13.485714285714284,0.9972662657189721,0.29264800662922386
COLOMBO,2023,Yala,2371.0,4.46,2218.0,2215.0,26.98,29.68,24.64,1296.7,1296.7,181.0,17.33,744.32,4.4,Red Yellow Podzolic,Wet,5.039999999999999,7.124725274725275,0.9981973862100045,0.5735686214071049
COLOMBO,2024,Maha,2870.0,8.05,3309.0,3300.0,26.51,29.89,23.83,1381.6,1381.6,159.0,16.12,708.39,4.4,Red Yellow Podzolic,Wet,6.060000000000002,8.635,0.9969788519637462,0.5123607695645884
COLOMBO,2024,Yala,1975.0,2.58,1579.0,1538.0,27.46,30.18,25.03,1919.0,1919.0,174.0,18.44,743.11,4.4,Red Yellow Podzolic,Wet,5.149999999999999,10.965714285714286,0.9734177215189873,0.38703645833333333
COLOMBO,2025,Yala,2584.4464002414006,4.42,2011.694619010292,2011.694619010292,27.25,29.81,24.94,1313.7,1313.7,179.0,16.34,759.73,4.4,Red Yellow Podzolic,Wet,4.869999999999997,7.298333333333334,0.9995031536376384,0.5778732790750741
GALLE,1979,Maha,1775.0,55.4,18972.0,18188.0,25.85,28.2,24.1,1614.3,1614.3,169.0,11.57,650.02,4.5,Red Yellow Podzolic,Wet,4.099999999999998,9.495882352941177,0.9586254150635113,0.40241441218349533
GALLE,1979,Yala,1375.0,19.4,19583.0,17968.0,26.74,28.69,25.17,1070.8,1070.8,173.0,16.86,742.4,4.5,Red Yellow Podzolic,Wet,3.5199999999999996,6.154022988505747,0.9174836601307189,0.6926665422653481
GALLE,1980,Maha,2135.0,56.7,19618.0,19293.0,25.98,28.3,24.09,1062.1,1062.1,158.0,12.88,710.19,4.5,Red Yellow Podzolic,Wet,4.210000000000001,6.679874213836477,0.9833834548142107,0.6680368732950805
GALLE,1980,Yala,1730.0,22.5,17121.0,16594.0,26.8,28.81,25.09,1220.5,1220.5,175.0,16.98,733.02,4.5,Red Yellow Podzolic,Wet,3.719999999999999,6.934659090909091,0.9691624810185726,0.6000982398690135
GALLE,1981,Maha,2181.0,44.8,20393.0,20197.0,25.74,28.08,23.82,878.8,878.8,132.0,12.85,712.34,4.5,Red Yellow Podzolic,Wet,4.259999999999998,6.607518796992481,0.9903402961655389,0.8096612866560583
GALLE,1981,Yala,1741.0,26.3,20217.0,19297.0,26.58,28.49,25.07,1191.2,1191.2,181.0,16.61,714.02,4.5,Red Yellow Podzolic,Wet,3.419999999999998,6.545054945054945,0.9544465327925611,0.5989095789297098
GALLE,1982,Maha,2141.0,54.8,20803.0,20420.0,25.77,28.2,23.88,1272.4,1272.4,162.0,11.34,671.79,4.5,Red Yellow Podzolic,Wet,4.32,7.806134969325154,0.9815420111517016,0.5275561488927281
GALLE,1982,Yala,1683.0,24.3,20444.0,18423.0,26.51,28.42,24.98,1373.4,1373.4,181.0,16.21,707.24,4.5,Red Yellow Podzolic,Wet,3.4400000000000013,7.546153846153847,0.9011005135730007,0.514580908032596
GALLE,1983,Maha,2383.0,37.7,20423.0,20164.0,26.07,28.36,24.2,969.2,969.2,148.0,12.98,695.46,4.5,Red Yellow Podzolic,Wet,4.16,6.504697986577182,0.9872698785742264,0.7168212739641311
GALLE,1983,Yala,1361.0,9.0,9547.0,8409.0,27.19,29.27,25.5,1029.5,1029.5,161.0,16.82,747.05,4.5,Red Yellow Podzolic,Wet,3.7699999999999996,6.354938271604938,0.8807080016757436,0.7249393498301795
GALLE,1984,Maha,2326.0,36.4,20068.0,19981.0,25.57,27.73,23.92,1375.5,1375.5,166.0,13.13,654.42,4.5,Red Yellow Podzolic,Wet,3.8099999999999987,8.236526946107784,0.9956151278090587,0.4754231747184889
GALLE,1984,Yala,1967.0,29.5,20095.0,19138.0,26.21,28.01,24.75,1375.4,1375.4,170.0,18.03,688.27,4.5,Red Yellow Podzolic,Wet,3.2600000000000016,8.04327485380117,0.9523288216560509,0.5000508573089217
GALLE,1985,Maha,2341.0,37.6,20549.0,20478.0,25.57,27.76,23.89,1515.8,1515.8,162.0,12.76,646.33,4.5,Red Yellow Podzolic,Wet,3.870000000000001,9.299386503067485,0.9964963503649635,0.4261141877637131
GALLE,1985,Yala,1924.0,29.6,19847.0,19648.0,26.2,27.96,24.8,1537.1,1537.1,182.0,17.52,677.93,4.5,Red Yellow Podzolic,Wet,3.16,8.399453551912568,0.9899234179766223,0.4407580781483649
GALLE,1986,Maha,2676.0,42.0,20196.0,20007.0,25.7,27.97,23.92,1201.7,1201.7,162.0,12.64,670.96,4.5,Red Yellow Podzolic,Wet,4.049999999999997,7.37239263803681,0.9905926622765757,0.557878107591253
GALLE,1986,Yala,2073.0,33.0,20454.0,20295.0,26.39,28.23,24.92,1243.3,1243.3,179.0,17.13,698.61,4.5,Red Yellow Podzolic,Wet,3.3099999999999987,6.907222222222222,0.9921779516010756,0.5614482038093708
GALLE,1987,Maha,2773.0,43.3,20033.0,19944.0,26.2,28.39,24.48,1185.4,1185.4,161.0,12.79,678.13,4.5,Red Yellow Podzolic,Wet,3.91,7.317283950617284,0.995507637017071,0.571586311530681
GALLE,1987,Yala,1842.0,21.2,14958.82,14665.0,27.01,28.92,25.47,1241.9,1241.9,177.0,15.58,732.47,4.5,Red Yellow Podzolic,Wet,3.450000000000003,6.976966292134832,0.9802925436268618,0.5893233566658621
GALLE,1988,Maha,2867.0,45.1,20088.0,20063.0,26.07,28.32,24.29,1181.6,1181.6,152.0,12.41,693.59,4.5,Red Yellow Podzolic,Wet,4.030000000000001,7.722875816993463,0.9987057593708,0.5864958565871808
GALLE,1988,Yala,2328.0,36.0,19844.0,19711.0,26.75,28.53,25.34,1757.3,1757.3,180.0,16.68,656.94,4.5,Red Yellow Podzolic,Wet,3.1900000000000013,9.708839779005524,0.9932476694381456,0.37362224876300976
GALLE,1989,Maha,2673.0,40.7,19497.0,19403.0,25.78,28.09,23.93,1185.9,1185.9,156.0,12.09,677.38,4.5,Red Yellow Podzolic,Wet,4.16,7.553503184713376,0.9951277054056826,0.5707136237256719
GALLE,1989,Yala,2162.0,27.9,16550.0,16489.0,26.19,28.02,24.69,1493.2,1493.2,168.0,17.73,682.11,4.5,Red Yellow Podzolic,Wet,3.3299999999999983,8.835502958579882,0.9962540027792882,0.45650515325926916
GALLE,1990,Maha,2635.0,40.4,19597.0,19545.0,26.06,28.36,24.2,1286.0,1286.0,159.0,12.81,684.79,4.5,Red Yellow Podzolic,Wet,4.16,8.0375,0.997295642412491,0.532082362082362
GALLE,1990,Yala,2537.0,36.5,18427.0,18339.0,26.65,28.48,25.22,1291.8,1291.8,180.0,17.74,707.43,4.5,Red Yellow Podzolic,Wet,3.2600000000000016,7.137016574585635,0.9951703928803994,0.5472076113861386
GALLE,1991,Maha,2659.0,40.9,19687.0,19621.0,25.81,28.08,24.01,1182.7,1182.7,163.0,12.54,664.08,4.5,Red Yellow Podzolic,Wet,4.069999999999997,7.211585365853659,0.9965969118244616,0.5610205288502155
GALLE,1991,Yala,1911.0,26.3,19007.0,17583.0,26.83,28.7,25.31,1433.6,1433.6,182.0,16.41,709.21,4.5,Red Yellow Podzolic,Wet,3.3900000000000006,7.833879781420764,0.9250315656565656,0.4943607974348251
GALLE,1992,Maha,2679.0,39.2,18730.0,18655.0,25.68,27.97,23.85,1117.5,1117.5,146.0,12.88,675.32,4.5,Red Yellow Podzolic,Wet,4.119999999999997,7.6020408163265305,0.9959425551225242,0.603772910147519
GALLE,1992,Yala,2379.0,18.9,10234.0,10159.0,26.71,28.81,25.04,1256.4,1256.4,168.0,17.57,732.29,4.5,Red Yellow Podzolic,Wet,3.7699999999999996,7.4343195266272195,0.9925744992672203,0.5823842850326069
GALLE,1993,Maha,2938.0,42.5,18468.0,18453.0,25.8,28.06,23.97,1360.4,1360.4,161.0,12.37,657.59,4.5,Red Yellow Podzolic,Wet,4.09,8.397530864197531,0.9991336834695977,0.4830248273835757
GALLE,1993,Yala,1889.0,21.8,15885.0,14725.0,26.41,28.29,24.89,1413.3,1413.3,178.0,17.33,693.4,4.5,Red Yellow Podzolic,Wet,3.3999999999999986,7.895530726256983,0.9269167820722649,0.4902778759810507
GALLE,1994,Maha,2651.0,36.5,17652.0,17573.0,25.69,27.88,24.0,1642.9,1642.9,168.0,10.96,624.08,4.5,Red Yellow Podzolic,Wet,3.879999999999999,9.72130177514793,0.9954681923752337,0.3796337976762577
GALLE,1994,Yala,2134.0,28.4,17181.760000000002,17002.0,26.44,28.29,24.91,1322.1,1322.1,179.0,16.71,690.81,4.5,Red Yellow Podzolic,Wet,3.379999999999999,7.345,0.9894801533630219,0.5221147305570252
GALLE,1995,Maha,2526.0,34.0,17232.0,17189.0,26.04,28.32,24.23,1061.5,1061.5,159.0,13.09,683.74,4.5,Red Yellow Podzolic,Wet,4.09,6.634375,0.9974467591249347,0.64352
GALLE,1995,Yala,2097.0,19.2,11932.0,11716.0,26.55,28.58,25.02,1612.0,1612.0,176.0,16.89,700.91,4.5,Red Yellow Podzolic,Wet,3.5599999999999987,9.107344632768362,0.9818151345009637,0.43453812771233724
GALLE,1996,Maha,2911.0,39.8,17458.0,17454.0,25.69,27.88,23.95,1267.4,1267.4,168.0,13.75,668.18,4.5,Red Yellow Podzolic,Wet,3.9299999999999997,7.499408284023669,0.9997136147545679,0.5267896562598549
GALLE,1996,Yala,2213.0,21.8,12600.0,12591.0,26.37,28.23,24.85,1485.7,1485.7,176.0,17.07,685.79,4.5,Red Yellow Podzolic,Wet,3.379999999999999,8.393785310734463,0.9992064121895088,0.4612833792964283
GALLE,1997,Maha,3154.0,42.5,17526.0,17176.0,25.89,28.28,24.1,1541.9,1541.9,153.0,11.5,671.73,4.5,Red Yellow Podzolic,Wet,4.18,10.012337662337663,0.979973754778342,0.435368461987167
GALLE,1997,Yala,2323.0,16.9,9461.0,9272.0,26.69,28.73,25.04,1311.7,1311.7,175.0,15.51,726.12,4.5,Red Yellow Podzolic,Wet,3.6900000000000013,7.452840909090909,0.9799196787148594,0.5531499961910565
GALLE,1998,Maha,3042.0,40.5,17003.0,16992.0,26.35,28.53,24.65,1334.2,1334.2,155.0,13.95,668.38,4.5,Red Yellow Podzolic,Wet,3.8800000000000026,8.552564102564103,0.9992942836979535,0.500584182144997
GALLE,1998,Yala,2302.0,2.7,1603.0,1490.0,27.38,29.38,25.75,1251.2,1251.2,177.0,16.68,739.8,4.5,Red Yellow Podzolic,Wet,3.629999999999999,7.0292134831460675,0.928927680798005,0.5908001916626736
GALLE,1999,Maha,3085.0,40.1,16914.0,16576.0,25.65,27.84,23.94,1575.5,1575.5,162.0,12.62,645.89,4.5,Red Yellow Podzolic,Wet,3.8999999999999986,9.66564417177914,0.9799586166124742,0.40969869965112593
GALLE,1999,Yala,2665.0,28.0,14268.0,13413.0,26.21,27.95,24.78,1438.2,1438.2,176.0,18.32,692.15,4.5,Red Yellow Podzolic,Wet,3.169999999999998,8.12542372881356,0.940009811479431,0.4809269038354641
GALLE,2000,Maha,2902.0,35.8,15890.0,15731.0,25.84,28.0,24.13,1440.5,1440.5,168.0,12.94,649.13,4.5,Red Yellow Podzolic,Wet,3.870000000000001,8.523668639053254,0.9899314077150588,0.45031564342698577
GALLE,2000,Maha,2902.0,35.8,13511.0,15731.0,25.84,28.0,24.13,1440.5,1440.5,168.0,12.94,649.13,4.5,Red Yellow Podzolic,Wet,3.870000000000001,8.523668639053254,1.1642243931320309,0.45031564342698577
GALLE,2000,Maha,2902.0,35.8,15890.0,13346.0,25.84,28.0,24.13,1440.5,1440.5,168.0,12.94,649.13,4.5,Red Yellow Podzolic,Wet,3.870000000000001,8.523668639053254,0.8398464539676547,0.45031564342698577
GALLE,2000,Maha,2902.0,35.8,13511.0,13346.0,25.84,28.0,24.13,1440.5,1440.5,168.0,12.94,649.13,4.5,Red Yellow Podzolic,Wet,3.870000000000001,8.523668639053254,0.9877146240378922,0.45031564342698577
GALLE,2000,Maha,3403.0,35.8,15890.0,15731.0,25.84,28.0,24.13,1440.5,1440.5,168.0,12.94,649.13,4.5,Red Yellow Podzolic,Wet,3.870000000000001,8.523668639053254,0.9899314077150588,0.45031564342698577
GALLE,2000,Maha,3403.0,35.8,13511.0,15731.0,25.84,28.0,24.13,1440.5,1440.5,168.0,12.94,649.13,4.5,Red Yellow Podzolic,Wet,3.870000000000001,8.523668639053254,1.1642243931320309,0.45031564342698577
GALLE,2000,Maha,3403.0,35.8,15890.0,13346.0,25.84,28.0,24.13,1440.5,1440.5,168.0,12.94,649.13,4.5,Red Yellow Podzolic,Wet,3.870000000000001,8.523668639053254,0.8398464539676547,0.45031564342698577
GALLE,2000,Maha,3403.0,35.8,13511.0,13346.0,25.84,28.0,24.13,1440.5,1440.5,168.0,12.94,649.13,4.5,Red Yellow Podzolic,Wet,3.870000000000001,8.523668639053254,0.9877146240378922,0.45031564342698577
GALLE,2000,Yala,2623.0,22.7,12648.0,11384.0,26.35,28.09,24.91,1362.8,1362.8,181.0,17.92,675.64,4.5,Red Yellow Podzolic,Wet,3.1799999999999997,7.487912087912088,0.8999920942366986,0.4954098841472357
GALLE,2001,Maha,3593.0,45.0,16297.0,15971.0,25.85,27.95,24.17,1310.6,1310.6,162.0,12.93,649.24,4.5,Red Yellow Podzolic,Wet,3.7799999999999976,8.040490797546012,0.9799361884893852,0.4949984751448613
GALLE,2001,Yala,2617.0,13.4,6530.0,6511.0,26.6,28.44,25.07,1264.4,1264.4,174.0,17.46,711.84,4.5,Red Yellow Podzolic,Wet,3.370000000000001,7.225142857142858,0.9969376818251416,0.5625414888572783
GALLE,2002,Maha,3438.0,41.9,16379.0,15561.0,26.06,28.34,24.29,1374.3,1374.3,156.0,12.18,667.17,4.5,Red Yellow Podzolic,Wet,4.050000000000001,8.753503184713376,0.95,0.4851087035555879
GALLE,2002,Yala,2607.0,24.4,12316.0,11700.0,26.69,28.61,25.17,1316.2,1316.2,181.0,16.99,710.73,4.5,Red Yellow Podzolic,Wet,3.4399999999999977,7.231868131868132,0.9499066331087115,0.5395763741269359
GALLE,2003,Maha,3383.0,35.3,13401.0,13339.0,26.12,28.37,24.31,1395.5,1395.5,158.0,12.15,666.13,4.5,Red Yellow Podzolic,Wet,4.060000000000002,8.776729559748428,0.9952992090732726,0.47699964196204797
GALLE,2003,Yala,2604.0,21.6,11511.0,10590.0,26.74,28.66,25.19,1589.9,1589.9,177.0,16.48,686.28,4.5,Red Yellow Podzolic,Wet,3.469999999999999,8.932022471910113,0.919909659485754,0.4313784650198001
GALLE,2004,Maha,3711.0,40.5,14498.0,13943.0,25.97,28.32,24.21,1421.3,1421.3,166.0,11.59,657.62,4.5,Red Yellow Podzolic,Wet,4.109999999999999,8.510778443113772,0.9616525277605352,0.4623637769809464
GALLE,2004,Yala,3159.0,18.6,7693.0,7507.0,26.6,28.42,25.15,1400.1,1400.1,179.0,18.36,693.0,4.5,Red Yellow Podzolic,Wet,3.270000000000003,7.778333333333332,0.9756953470236548,0.4946113767753908
GALLE,2005,Maha,3498.0,38.5,14104.0,14079.0,26.03,28.24,24.32,1283.3,1283.3,150.0,14.31,663.61,4.5,Red Yellow Podzolic,Wet,3.919999999999998,8.498675496688742,0.9981566820276497,0.5167094915518181
GALLE,2005,Yala,2788.0,20.4,9414.0,9336.0,26.79,28.63,25.3,1323.7,1323.7,177.0,16.56,703.0,4.5,Red Yellow Podzolic,Wet,3.3299999999999983,7.436516853932584,0.9916091343600637,0.5306861931003246
GALLE,2006,Maha,3418.0,33.1,12395.0,12370.0,25.92,28.2,24.21,1975.4,1975.4,165.0,10.99,628.76,4.5,Red Yellow Podzolic,Wet,3.9899999999999984,11.9,0.9979025492094223,0.318133980975511
GALLE,2006,Yala,2728.0,10.5,4912.0,4895.0,26.61,28.41,25.13,1348.7,1348.7,176.0,17.0,690.46,4.5,Red Yellow Podzolic,Wet,3.280000000000001,7.619774011299436,0.9963362507632811,0.5115655330814255
GALLE,2007,Maha,3190.0,36.6,14679.0,14652.0,25.98,28.22,24.12,1187.5,1187.5,151.0,12.73,660.98,4.5,Red Yellow Podzolic,Wet,4.099999999999998,7.8125,0.9980926430517711,0.5561464030290282
GALLE,2007,Yala,3262.0,14.9,5871.0,5840.0,26.67,28.6,25.11,1492.1,1492.1,178.0,16.1,694.99,4.5,Red Yellow Podzolic,Wet,3.490000000000002,8.335754189944133,0.9945504087193461,0.46546781863237563
GALLE,2008,Maha,3032.0,40.2,15930.0,15649.0,26.16,28.36,24.41,1314.3,1314.3,148.0,12.29,692.07,4.5,Red Yellow Podzolic,Wet,3.9499999999999993,8.820805369127516,0.982298662984119,0.5261689348437619
GALLE,2008,Yala,3027.0,32.0,14130.0,13510.0,26.28,28.05,24.83,1775.5,1775.5,182.0,16.12,659.51,4.5,Red Yellow Podzolic,Wet,3.2200000000000024,9.702185792349727,0.9560540655296865,0.3712412046158176
GALLE,2009,Maha,3286.0,37.9,17156.0,17142.0,26.2,28.46,24.37,1407.2,1407.2,152.0,12.87,678.38,4.5,Red Yellow Podzolic,Wet,4.09,9.197385620915034,0.999125721279944,0.4817355489277091
GALLE,2009,Yala,2997.0,30.7,13120.0,13084.0,26.7,28.55,25.27,1392.9,1392.9,183.0,16.94,697.97,4.5,Red Yellow Podzolic,Wet,3.280000000000001,7.570108695652174,0.997180092980718,0.5007317598106034
GALLE,2010,Maha,2968.0,31.7,16697.0,16673.0,26.04,28.09,24.38,1594.4,1594.4,154.0,14.14,636.12,4.5,Red Yellow Podzolic,Wet,3.710000000000001,10.286451612903226,0.9985028147083483,0.39872132380594205
GALLE,2010,Yala,2943.0,26.9,11732.0,11685.0,26.97,28.87,25.48,1534.8,1534.8,173.0,17.0,689.31,4.5,Red Yellow Podzolic,Wet,3.3900000000000006,8.820689655172414,0.9959089746867809,0.44882797239223854
GALLE,2011,Maha,3431.0,41.9,15968.0,15917.0,25.99,28.12,24.34,1433.7,1433.7,163.0,13.28,637.95,4.5,Red Yellow Podzolic,Wet,3.780000000000001,8.742073170731707,0.9967436909011209,0.44465741966961736
GALLE,2011,Yala,2924.0,24.1,10560.0,10545.0,26.58,28.41,25.08,1284.4,1284.4,180.0,16.77,705.24,4.5,Red Yellow Podzolic,Wet,3.330000000000002,7.0961325966850834,0.9984849919515197,0.5486541154504434
GALLE,2012,Maha,3552.0,37.9,14141.0,14024.0,26.02,28.28,24.22,1627.9,1627.9,154.0,12.01,656.53,4.5,Red Yellow Podzolic,Wet,4.060000000000002,10.502580645161292,0.9916560599632301,0.4030511388053287
GALLE,2012,Yala,3075.0,10.1,4212.0,4177.0,26.71,28.5,25.22,1144.9,1144.9,174.0,16.99,720.63,4.5,Red Yellow Podzolic,Wet,3.280000000000001,6.542285714285715,0.9914550201756468,0.6288768653460162
GALLE,2013,Maha,3653.0,39.2,12703.0,12610.0,26.02,28.09,24.32,1211.3,1211.3,155.0,13.21,650.78,4.5,Red Yellow Podzolic,Wet,3.7699999999999996,7.764743589743589,0.9926007556675063,0.5368143198878166
GALLE,2013,Yala,2670.0,8.5,4057.0,4050.0,26.71,28.5,25.26,1311.5,1311.5,184.0,17.27,705.33,4.5,Red Yellow Podzolic,Wet,3.2399999999999984,7.089189189189189,0.9980285855101035,0.5373942857142857
GALLE,2014,Maha,3738.0,40.1,13130.0,13099.0,26.02,28.27,24.3,1731.2,1731.2,155.0,13.08,651.59,4.5,Red Yellow Podzolic,Wet,3.969999999999999,11.097435897435897,0.9975630188104485,0.37616326059346494
GALLE,2014,Yala,2735.0,10.2,4767.0,4767.0,27.01,28.99,25.48,1253.4,1253.4,171.0,17.46,733.56,4.5,Red Yellow Podzolic,Wet,3.509999999999998,7.287209302325582,0.9997902684563759,0.5847895408163264
GALLE,2015,Maha,2965.0,34.92,10174.0,10118.0,26.2,28.41,24.47,1818.7,1818.7,162.0,11.57,638.55,4.5,Red Yellow Podzolic,Wet,3.9400000000000013,11.157668711656441,0.9943980343980344,0.3509094905753695
GALLE,2015,Yala,2649.0,10.6,5694.0,5125.0,27.03,28.98,25.45,1262.5,1262.5,175.0,15.93,732.17,4.5,Red Yellow Podzolic,Wet,3.530000000000001,7.173295454545454,0.8999122036874452,0.5794776414721012
GALLE,2016,Maha,3543.0,28.73,8118.0,8087.0,26.5,28.69,24.74,856.4,856.4,150.0,13.8,707.47,4.5,Red Yellow Podzolic,Wet,3.950000000000003,5.671523178807947,0.9960586279098411,0.8251341264287381
GALLE,2016,Yala,3148.0,2.91,1199.0,1180.0,27.33,29.27,25.84,1476.9,1476.9,179.0,17.71,731.13,4.5,Red Yellow Podzolic,Wet,3.4299999999999997,8.205,0.9833333333333333,0.49470870830232083
GALLE,2017,Maha,2986.0,33.02,10775.0,10725.0,25.94,28.47,23.81,1596.6,1596.6,161.0,15.8,656.54,4.5,Red Yellow Podzolic,Wet,4.66,9.855555555555554,0.9952672605790646,0.4109539308963445
GALLE,2017,Yala,2448.0,9.29,4919.0,4850.0,27.0,28.95,25.27,1610.3,1610.3,183.0,19.59,725.91,4.5,Red Yellow Podzolic,Wet,3.6799999999999997,8.751630434782609,0.9857723577235772,0.45051200893688326
GALLE,2018,Maha,3247.0,37.55,8313.0,8308.0,25.85,28.58,23.59,1176.0,1176.0,163.0,14.28,668.06,4.5,Red Yellow Podzolic,Wet,4.989999999999998,7.170731707317073,0.9992783257156603,0.5675955819881053
GALLE,2018,Yala,3204.0,9.89,3945.0,3944.0,26.55,28.63,24.85,1610.9,1610.9,184.0,19.52,682.59,4.5,Red Yellow Podzolic,Wet,3.7799999999999976,8.707567567567567,0.9994931576279777,0.42346919784105713
GALLE,2019,Maha,3980.0,38.44,7949.0,7939.0,25.86,28.64,23.7,1693.8,1693.8,174.0,13.78,619.57,4.5,Red Yellow Podzolic,Wet,4.940000000000001,9.678857142857142,0.9986163522012579,0.3655711588388011
GALLE,2019,Yala,3012.0,6.3,3333.0,2670.0,27.15,29.23,25.31,1468.5,1468.5,174.0,17.92,723.76,4.5,Red Yellow Podzolic,Wet,3.9200000000000017,8.391428571428571,0.8008398320335933,0.4925212657366451
GALLE,2020,Yala,2837.0,24.23,11551.0,10915.0,27.25,29.51,25.39,1329.1,1329.1,175.0,18.47,731.99,4.5,Red Yellow Podzolic,Wet,4.120000000000001,7.551704545454545,0.9448580332409973,0.5503270430794678
GALLE,2021,Maha,2514.0,31.21,11235.0,10921.0,25.91,28.38,23.87,1496.0,1496.0,175.0,15.86,649.08,4.5,Red Yellow Podzolic,Wet,4.509999999999998,8.5,0.9719651121395514,0.4335871743486974
GALLE,2021,Yala,2897.0,18.87,8548.0,8326.0,26.76,28.92,24.97,1466.4,1466.4,180.0,19.2,719.06,4.5,Red Yellow Podzolic,Wet,3.950000000000003,8.101657458563537,0.9739150777868757,0.49002317023306524
GALLE,2022,Maha,2532.0,37.6,12319.0,12010.0,25.7,28.39,23.42,1167.0,1167.0,169.0,16.28,692.61,4.5,Red Yellow Podzolic,Wet,4.969999999999999,6.864705882352941,0.9748376623376623,0.5929880136986302
GALLE,2022,Yala,2194.0,17.9,10615.0,10422.0,26.58,28.67,24.69,1551.9,1551.9,181.0,20.52,732.77,4.5,Red Yellow Podzolic,Wet,3.9800000000000004,8.526923076923078,0.98172569706104,0.4718719814540537
GALLE,2023,Maha,2993.0,38.88,7014.0,6823.0,25.49,28.49,23.21,2253.5,2253.5,172.0,13.92,611.48,4.5,Red Yellow Podzolic,Wet,5.279999999999998,13.026011560693641,0.9726300784034212,0.2712264360168552
GALLE,2023,Yala,2169.0,8.53,5683.0,5024.0,26.79,29.19,24.68,1227.3,1227.3,183.0,18.39,751.94,4.5,Red Yellow Podzolic,Wet,4.510000000000002,6.670108695652174,0.8838845883180858,0.6121794349914517
GALLE,2024,Maha,2968.0,30.83,7466.0,7403.0,26.21,29.64,23.6,1492.2,1492.2,169.0,16.14,702.47,4.5,Red Yellow Podzolic,Wet,6.039999999999999,8.77764705882353,0.9914289540645507,0.47044602196624696
GALLE,2024,Yala,2602.0,7.66,3859.0,3761.0,27.14,30.0,24.79,1911.5,1911.5,182.0,17.93,743.2,4.5,Red Yellow Podzolic,Wet,5.210000000000001,10.44535519125683,0.9743523316062176,0.3886013071895425
GALLE,2025,Yala,2987.175570787372,12.44,5319.598826572174,5319.598826572174,26.76,29.57,24.5,1452.2,1452.2,183.0,19.68,744.5,4.5,Red Yellow Podzolic,Wet,5.07,7.892391304347826,0.9998120512309618,0.512317643820534
GAMPAHA,1979,Maha,2473.0,34.4,16897.0,16312.0,25.94,29.67,23.34,1640.5,1640.5,147.0,12.03,664.75,4.5,Red Yellow Podzolic,Wet,6.330000000000002,11.08445945945946,0.9653213398035271,0.40496497106305207
GAMPAHA,1979,Yala,2228.0,12.8,6890.0,6744.0,26.93,30.15,24.58,933.2,933.2,170.0,15.57,736.75,4.5,Red Yellow Podzolic,Wet,5.57,5.457309941520468,0.978667827601219,0.7886426889317062
GAMPAHA,1980,Maha,2820.0,40.1,16925.0,16695.0,26.12,30.01,23.19,676.8,676.8,118.0,13.96,745.94,4.5,Red Yellow Podzolic,Wet,6.82,5.687394957983193,0.9863523573200993,1.1005311301268812
GAMPAHA,1980,Yala,3350.0,25.5,9051.0,8954.0,26.86,30.05,24.63,1141.0,1141.0,175.0,15.37,712.92,4.5,Red Yellow Podzolic,Wet,5.420000000000002,6.482954545454546,0.9891736632788334,0.6242732049036778
GAMPAHA,1981,Maha,3295.0,46.5,17093.0,16588.0,25.61,29.42,22.66,777.0,777.0,114.0,12.71,712.3,4.5,Red Yellow Podzolic,Wet,6.760000000000002,6.756521739130434,0.9703989703989704,0.9155526992287917
GAMPAHA,1981,Yala,2566.0,22.8,10765.0,10445.0,26.63,29.75,24.49,1004.4,1004.4,180.0,14.89,686.98,4.5,Red Yellow Podzolic,Wet,5.260000000000002,5.549171270718232,0.9701839123165521,0.6832902327431868
GAMPAHA,1982,Maha,3120.0,44.7,17107.0,16821.0,25.98,29.96,23.08,1099.9,1099.9,124.0,12.75,710.51,4.5,Red Yellow Podzolic,Wet,6.880000000000003,8.7992,0.9832242225859247,0.6453901353438095
GAMPAHA,1982,Yala,2771.0,25.7,11121.0,10883.0,26.59,29.69,24.44,1157.1,1157.1,179.0,15.29,691.92,4.5,Red Yellow Podzolic,Wet,5.25,6.428333333333333,0.9785110591620212,0.597461359122701
GAMPAHA,1983,Maha,3477.0,48.2,16595.0,16269.0,26.13,29.81,23.39,771.9,771.9,127.0,13.45,697.37,4.5,Red Yellow Podzolic,Wet,6.419999999999998,6.03046875,0.9802964569775849,0.9022771380514945
GAMPAHA,1983,Yala,2827.0,9.2,3922.0,3817.0,27.39,30.64,25.13,1010.3,1010.3,166.0,15.76,735.7,4.5,Red Yellow Podzolic,Wet,5.510000000000002,6.049700598802395,0.9729798623502421,0.7274794818550382
GAMPAHA,1984,Maha,3215.0,44.8,16456.0,16358.0,25.27,28.65,22.9,1222.3,1222.3,147.0,13.33,636.32,4.5,Red Yellow Podzolic,Wet,5.75,8.258783783783784,0.9939843227805797,0.5201667620371128
GAMPAHA,1984,Yala,2695.0,28.2,12556.0,12271.0,26.01,28.9,23.99,1355.9,1355.9,167.0,15.56,656.62,4.5,Red Yellow Podzolic,Wet,4.91,8.070833333333335,0.9772238592020387,0.4839118579114157
GAMPAHA,1985,Maha,2872.0,38.5,16100.0,15739.0,25.52,29.06,22.99,1229.5,1229.5,145.0,13.0,656.76,4.5,Red Yellow Podzolic,Wet,6.07,8.42123287671233,0.9775169244146327,0.533734254368143
GAMPAHA,1985,Yala,2803.0,28.9,12209.0,12106.0,26.15,29.03,24.16,1400.3,1400.3,179.0,15.44,650.32,4.5,Red Yellow Podzolic,Wet,4.870000000000001,7.779444444444445,0.9914823914823915,0.46408335117391
GAMPAHA,1986,Maha,3316.0,42.0,15089.0,14885.0,25.71,29.3,23.13,786.6,786.6,145.0,13.17,672.59,4.5,Red Yellow Podzolic,Wet,6.170000000000002,5.387671232876713,0.986414844267727,0.8539740985271712
GAMPAHA,1986,Yala,2764.0,23.6,10270.0,10010.0,26.32,29.3,24.24,1041.0,1041.0,178.0,15.32,682.56,4.5,Red Yellow Podzolic,Wet,5.060000000000002,5.815642458100559,0.9745886476487197,0.6550479846449135
GAMPAHA,1987,Maha,2901.0,34.4,14592.0,13939.0,26.36,30.06,23.72,1072.6,1072.6,130.0,13.57,699.47,4.5,Red Yellow Podzolic,Wet,6.34,8.187786259541983,0.9551839923250873,0.6515182563338302
GAMPAHA,1987,Yala,3235.0,28.7,10444.54,10411.0,27.15,30.34,24.87,1034.3,1034.3,176.0,14.73,723.61,4.5,Red Yellow Podzolic,Wet,5.469999999999999,5.843502824858756,0.9966933255724452,0.6989375060368975
GAMPAHA,1988,Maha,3206.0,38.3,14197.0,14029.0,26.28,30.17,23.34,929.1,929.1,123.0,13.37,744.52,4.5,Red Yellow Podzolic,Wet,6.830000000000002,7.492741935483871,0.988096915058459,0.8004730674121062
GAMPAHA,1988,Yala,2797.0,27.4,11620.0,11513.0,26.51,29.38,24.61,1767.3,1767.3,179.0,14.69,620.08,4.5,Red Yellow Podzolic,Wet,4.77,9.818333333333333,0.9907064796489115,0.35066448000904826
GAMPAHA,1989,Maha,3261.0,41.0,14823.0,14756.0,26.09,30.08,23.13,1135.0,1135.0,115.0,13.39,718.59,4.5,Red Yellow Podzolic,Wet,6.949999999999999,9.78448275862069,0.9954128440366973,0.6325616197183099
GAMPAHA,1989,Yala,2689.0,15.9,7044.0,6928.0,26.28,29.31,24.23,1497.6,1497.6,174.0,15.86,653.83,4.5,Red Yellow Podzolic,Wet,5.079999999999998,8.557714285714285,0.9833924769339958,0.43629387428266386
GAMPAHA,1990,Maha,2648.0,31.4,14039.0,13924.0,26.08,29.79,23.34,1229.6,1229.6,138.0,13.37,696.14,4.5,Red Yellow Podzolic,Wet,6.449999999999999,8.846043165467625,0.9917378917378917,0.5656915325857306
GAMPAHA,1990,Yala,2665.0,25.5,11323.0,11238.0,26.54,29.45,24.52,1266.6,1266.6,177.0,15.4,671.13,4.5,Red Yellow Podzolic,Wet,4.93,7.115730337078651,0.9924055104203462,0.529449353108236
GAMPAHA,1991,Maha,2970.0,32.9,13757.0,12992.0,25.86,29.62,23.08,1043.4,1043.4,134.0,13.18,689.53,4.5,Red Yellow Podzolic,Wet,6.540000000000003,7.728888888888889,0.9443233028056404,0.6602163921869015
GAMPAHA,1991,Yala,2188.0,19.8,10891.0,10615.0,26.71,29.79,24.56,1264.2,1264.2,179.0,15.16,691.76,4.5,Red Yellow Podzolic,Wet,5.23,7.023333333333333,0.9745684906353287,0.5467594056275688
GAMPAHA,1992,Maha,3262.0,39.5,14309.0,14238.0,25.85,29.63,23.07,987.8,987.8,121.0,14.12,708.14,4.5,Red Yellow Podzolic,Wet,6.559999999999999,8.09672131147541,0.9949685534591195,0.716161003236246
GAMPAHA,1992,Yala,2863.0,14.9,6202.0,6105.0,26.83,30.06,24.55,1229.5,1229.5,168.0,16.01,705.42,4.5,Red Yellow Podzolic,Wet,5.509999999999998,7.275147928994083,0.984201192971143,0.5732791548151158
GAMPAHA,1993,Maha,3371.0,38.8,13545.0,13521.0,25.79,29.46,23.11,1233.3,1233.3,137.0,13.33,667.39,4.5,Red Yellow Podzolic,Wet,6.350000000000001,8.93695652173913,0.9981544367340912,0.5407032326014746
GAMPAHA,1993,Yala,2525.0,12.1,5660.0,5621.0,26.45,29.51,24.26,1252.9,1252.9,176.0,15.22,680.73,4.5,Red Yellow Podzolic,Wet,5.25,7.078531073446328,0.9929341105811694,0.5428901826301937
GAMPAHA,1994,Maha,3307.0,33.6,11977.0,11936.0,25.6,29.17,23.16,1165.4,1165.4,140.0,13.32,648.06,4.5,Red Yellow Podzolic,Wet,6.010000000000002,8.265248226950355,0.9964935715478377,0.5556069958847736
GAMPAHA,1994,Yala,2416.0,12.8,6303.4,6216.0,26.32,29.31,24.23,1281.4,1281.4,177.0,15.18,667.0,4.5,Red Yellow Podzolic,Wet,5.079999999999998,7.198876404494382,0.9859780470782311,0.5201185277604491
GAMPAHA,1995,Maha,3316.0,31.4,11189.0,11103.0,26.24,29.97,23.5,883.0,883.0,133.0,13.89,713.37,4.5,Red Yellow Podzolic,Wet,6.469999999999999,6.58955223880597,0.9922252010723861,0.8069796380090498
GAMPAHA,1995,Yala,2331.0,5.7,2903.0,2854.0,26.5,29.68,24.38,1589.5,1589.5,176.0,14.96,669.42,4.5,Red Yellow Podzolic,Wet,5.300000000000001,8.980225988700566,0.9827823691460055,0.42088651367494495
GAMPAHA,1996,Maha,3391.0,35.3,12279.0,12227.0,25.73,29.45,23.01,1342.8,1342.8,143.0,13.43,690.58,4.5,Red Yellow Podzolic,Wet,6.439999999999998,9.325,0.9956840390879479,0.5139008781068611
GAMPAHA,1996,Yala,2885.0,3.1,1342.0,1272.0,26.41,29.41,24.32,1230.9,1230.9,171.0,15.74,670.74,4.5,Red Yellow Podzolic,Wet,5.09,7.15639534883721,0.9471332836932241,0.5444760126633655
GAMPAHA,1997,Maha,2596.0,26.1,12033.0,11802.0,26.09,30.08,23.2,1544.0,1544.0,136.0,11.49,708.06,4.5,Red Yellow Podzolic,Wet,6.879999999999999,11.27007299270073,0.9807212896792421,0.4582912621359223
GAMPAHA,1997,Yala,2902.0,5.6,2298.0,2252.0,26.76,30.04,24.46,1169.7,1169.7,175.0,14.79,711.65,4.5,Red Yellow Podzolic,Wet,5.579999999999998,6.646022727272728,0.9795563288386255,0.6078841718629879
GAMPAHA,1998,Maha,3037.0,27.9,10843.0,10785.0,26.35,29.79,23.81,1340.7,1340.7,131.0,13.78,666.65,4.5,Red Yellow Podzolic,Wet,5.98,10.156818181818181,0.9945592032460346,0.4968696429902362
GAMPAHA,1998,Yala,2014.0,2.4,1470.0,1380.0,27.58,30.9,25.3,1349.4,1349.4,176.0,15.08,729.68,4.5,Red Yellow Podzolic,Wet,5.599999999999998,7.623728813559323,0.938137321549966,0.5403436018957345
GAMPAHA,1999,Maha,3247.0,27.7,10084.0,10020.0,25.44,29.0,22.94,1327.7,1327.7,137.0,13.7,653.51,4.5,Red Yellow Podzolic,Wet,6.059999999999999,9.621014492753623,0.993554784333168,0.4918416497328215
GAMPAHA,1999,Yala,3120.0,9.5,3623.0,3585.0,26.04,28.83,24.02,1399.6,1399.6,172.0,16.11,651.05,4.5,Red Yellow Podzolic,Wet,4.809999999999999,8.090173410404624,0.9892384105960265,0.4648364986434385
GAMPAHA,2000,Maha,3253.0,24.7,8981.0,8936.0,25.55,28.97,23.08,1177.2,1177.2,140.0,13.85,655.54,4.5,Red Yellow Podzolic,Wet,5.890000000000001,8.348936170212767,0.9948786461812514,0.5563911050755389
GAMPAHA,2000,Maha,3253.0,24.7,12450.0,8936.0,25.55,28.97,23.08,1177.2,1177.2,140.0,13.85,655.54,4.5,Red Yellow Podzolic,Wet,5.890000000000001,8.348936170212767,0.7176933579632158,0.5563911050755389
GAMPAHA,2000,Maha,3253.0,24.7,8981.0,12356.0,25.55,28.97,23.08,1177.2,1177.2,140.0,13.85,655.54,4.5,Red Yellow Podzolic,Wet,5.890000000000001,8.348936170212767,1.3756401692273437,0.5563911050755389
GAMPAHA,2000,Maha,3253.0,24.7,12450.0,12356.0,25.55,28.97,23.08,1177.2,1177.2,140.0,13.85,655.54,4.5,Red Yellow Podzolic,Wet,5.890000000000001,8.348936170212767,0.9923700907557625,0.5563911050755389
GAMPAHA,2000,Maha,3751.0,24.7,8981.0,8936.0,25.55,28.97,23.08,1177.2,1177.2,140.0,13.85,655.54,4.5,Red Yellow Podzolic,Wet,5.890000000000001,8.348936170212767,0.9948786461812514,0.5563911050755389
GAMPAHA,2000,Maha,3751.0,24.7,12450.0,8936.0,25.55,28.97,23.08,1177.2,1177.2,140.0,13.85,655.54,4.5,Red Yellow Podzolic,Wet,5.890000000000001,8.348936170212767,0.7176933579632158,0.5563911050755389
GAMPAHA,2000,Maha,3751.0,24.7,8981.0,12356.0,25.55,28.97,23.08,1177.2,1177.2,140.0,13.85,655.54,4.5,Red Yellow Podzolic,Wet,5.890000000000001,8.348936170212767,1.3756401692273437,0.5563911050755389
GAMPAHA,2000,Maha,3751.0,24.7,12450.0,12356.0,25.55,28.97,23.08,1177.2,1177.2,140.0,13.85,655.54,4.5,Red Yellow Podzolic,Wet,5.890000000000001,8.348936170212767,0.9923700907557625,0.5563911050755389
GAMPAHA,2000,Yala,2770.0,4.5,1931.0,1904.0,26.25,29.09,24.2,1263.4,1263.4,174.0,15.77,655.12,4.5,Red Yellow Podzolic,Wet,4.890000000000001,7.219428571428572,0.9855072463768116,0.5181271749446378
GAMPAHA,2001,Maha,3499.0,28.4,9553.0,9542.0,25.61,29.01,23.05,1010.4,1010.4,144.0,13.16,653.03,4.5,Red Yellow Podzolic,Wet,5.960000000000001,6.968275862068966,0.9987439815783965,0.6456693691912201
GAMPAHA,2001,Yala,2810.0,3.2,1356.0,1347.0,26.55,29.56,24.38,1222.4,1222.4,177.0,15.29,686.12,4.5,Red Yellow Podzolic,Wet,5.18,6.867415730337079,0.9926308032424466,0.5608304724538172
GAMPAHA,2002,Maha,3251.0,27.7,10519.0,9994.0,26.07,29.77,23.33,1277.9,1277.9,138.0,12.83,686.83,4.5,Red Yellow Podzolic,Wet,6.440000000000001,9.193525179856115,0.95,0.5370474626632262
GAMPAHA,2002,Yala,2817.0,4.0,1727.0,1640.0,26.68,29.81,24.5,1272.8,1272.8,176.0,15.13,692.26,4.5,Red Yellow Podzolic,Wet,5.309999999999999,7.190960451977401,0.9490740740740741,0.5434605118542942
GAMPAHA,2003,Maha,3245.0,26.3,9727.0,9526.0,26.04,29.75,23.37,1097.6,1097.6,128.0,13.24,680.98,4.5,Red Yellow Podzolic,Wet,6.379999999999999,8.508527131782945,0.979235197368421,0.6198616420899327
GAMPAHA,2003,Yala,2459.0,9.2,4770.0,4388.0,26.57,29.65,24.45,1462.3,1462.3,176.0,14.67,659.66,4.5,Red Yellow Podzolic,Wet,5.199999999999999,8.261581920903955,0.9197233284426745,0.4508029795667327
GAMPAHA,2004,Maha,3408.0,29.5,10173.0,10170.0,26.28,30.22,23.52,1520.7,1520.7,142.0,13.02,694.44,4.5,Red Yellow Podzolic,Wet,6.699999999999999,10.634265734265735,0.9996068409671712,0.45635802063481634
GAMPAHA,2004,Yala,2825.0,4.3,1789.0,1784.0,26.58,29.59,24.53,1335.3,1335.3,178.0,15.91,664.7,4.5,Red Yellow Podzolic,Wet,5.059999999999999,7.459776536312849,0.9966480446927374,0.49741824440619625
GAMPAHA,2005,Maha,3603.0,29.9,9835.0,9753.0,25.83,29.27,23.33,1251.1,1251.1,127.0,13.79,649.28,4.5,Red Yellow Podzolic,Wet,5.940000000000001,9.77421875,0.9915616104107361,0.5185528312435109
GAMPAHA,2005,Yala,2741.0,7.9,3487.0,3408.0,26.67,29.66,24.58,1146.6,1146.6,178.0,14.49,677.94,4.5,Red Yellow Podzolic,Wet,5.080000000000002,6.4055865921787705,0.9770642201834863,0.5907459044963402
GAMPAHA,2006,Maha,3134.0,21.6,8402.0,8091.0,25.82,29.5,23.27,2005.4,2005.4,138.0,13.53,653.78,4.5,Red Yellow Podzolic,Wet,6.23,14.427338129496404,0.9628704034273474,0.325847288676236
GAMPAHA,2006,Yala,2659.0,2.5,1158.0,1102.0,26.49,29.38,24.43,1204.2,1204.2,171.0,14.98,669.33,4.5,Red Yellow Podzolic,Wet,4.949999999999999,7.001162790697674,0.9508196721311475,0.5553684035844674
GAMPAHA,2007,Maha,3495.0,27.7,9360.0,9328.0,25.98,29.67,23.22,944.3,944.3,119.0,13.64,683.73,4.5,Red Yellow Podzolic,Wet,6.450000000000003,7.869166666666667,0.9964747356051704,0.7232941923198984
GAMPAHA,2007,Yala,3656.0,7.4,2407.0,2395.0,26.69,29.83,24.57,1556.2,1556.2,168.0,14.55,673.38,4.5,Red Yellow Podzolic,Wet,5.259999999999998,9.20828402366864,0.9946013289036545,0.43243000256871306
GAMPAHA,2008,Maha,3353.0,30.4,10826.0,10678.0,25.84,29.36,23.15,1191.1,1191.1,136.0,12.5,675.34,4.5,Red Yellow Podzolic,Wet,6.210000000000001,8.694160583941605,0.9862381084326222,0.5665128764365406
GAMPAHA,2008,Yala,3243.0,20.6,7501.0,7470.0,25.96,28.79,24.1,1792.9,1792.9,182.0,14.52,621.24,4.5,Red Yellow Podzolic,Wet,4.689999999999998,9.797267759562843,0.9957344708077845,0.34630692903729304
GAMPAHA,2009,Maha,3451.0,36.6,12534.0,12464.0,26.08,29.81,23.3,1227.0,1227.0,132.0,13.14,693.8,4.5,Red Yellow Podzolic,Wet,6.509999999999998,9.225563909774436,0.9943358595931392,0.5649837133550488
GAMPAHA,2009,Yala,3390.0,23.3,8106.0,8095.0,26.57,29.49,24.56,1302.8,1302.8,181.0,15.19,663.43,4.5,Red Yellow Podzolic,Wet,4.93,7.158241758241758,0.9985197977056864,0.508843380886639
GAMPAHA,2010,Maha,3061.0,33.9,13041.0,13032.0,25.91,29.18,23.55,1462.0,1462.0,141.0,13.67,627.93,4.5,Red Yellow Podzolic,Wet,5.629999999999999,10.295774647887324,0.9992332464345959,0.42920710868079287
GAMPAHA,2010,Yala,3687.0,24.5,7828.0,7810.0,26.9,29.9,24.91,1474.7,1474.7,175.0,14.83,659.09,4.5,Red Yellow Podzolic,Wet,4.989999999999998,8.378977272727273,0.9975731255588197,0.44662871857423597
GAMPAHA,2011,Maha,3453.0,30.3,10333.0,10333.0,25.57,28.75,23.24,1296.1,1296.1,144.0,14.16,612.0,4.5,Red Yellow Podzolic,Wet,5.510000000000002,8.938620689655172,0.9999032320495452,0.471821756225426
GAMPAHA,2011,Yala,3415.0,15.8,5461.0,5449.0,26.42,29.39,24.39,1183.3,1183.3,178.0,15.23,675.18,4.5,Red Yellow Podzolic,Wet,5.0,6.610614525139664,0.9976199194434273,0.5701089251034366
GAMPAHA,2012,Maha,3750.0,35.5,11176.0,11153.0,25.91,29.49,23.31,1411.7,1411.7,132.0,12.43,661.18,4.5,Red Yellow Podzolic,Wet,6.18,10.614285714285714,0.997852733291581,0.46802576626318393
GAMPAHA,2012,Yala,3258.0,9.9,3571.0,3558.0,26.59,29.44,24.51,1010.5,1010.5,172.0,15.63,687.82,4.5,Red Yellow Podzolic,Wet,4.93,5.841040462427745,0.996080627099664,0.68
GAMPAHA,2013,Maha,3188.0,28.8,10646.0,10636.0,25.79,29.11,23.29,1053.7,1053.7,127.0,14.53,660.03,4.5,Red Yellow Podzolic,Wet,5.82,8.23203125,0.9989668451206912,0.6257988053474921
GAMPAHA,2013,Yala,2934.0,11.8,4813.0,4713.0,26.47,29.21,24.5,1430.3,1430.3,177.0,15.13,655.76,4.5,Red Yellow Podzolic,Wet,4.710000000000001,8.035393258426966,0.9790195263813877,0.4581569202822609
GAMPAHA,2014,Maha,3594.0,33.5,11154.0,10974.0,25.96,29.52,23.43,1565.9,1565.9,142.0,13.32,651.58,4.5,Red Yellow Podzolic,Wet,6.09,10.95034965034965,0.9837740923352757,0.4158401940136575
GAMPAHA,2014,Yala,3179.0,13.5,5171.0,5012.0,27.02,30.16,24.81,1124.6,1124.6,172.0,14.89,702.07,4.5,Red Yellow Podzolic,Wet,5.350000000000001,6.50057803468208,0.9690641918020109,0.6237295664534471
GAMPAHA,2015,Maha,3849.0,32.66,9989.0,9983.0,26.18,29.75,23.65,1679.1,1679.1,137.0,12.42,653.62,4.5,Red Yellow Podzolic,Wet,6.100000000000001,12.167391304347825,0.9992992992992993,0.38903636688292365
GAMPAHA,2015,Yala,3252.0,12.6,4592.0,4576.0,26.82,29.87,24.65,1248.8,1248.8,177.0,14.36,699.43,4.5,Red Yellow Podzolic,Wet,5.220000000000002,7.015730337078652,0.9962987154365338,0.5596335413666187
GAMPAHA,2016,Maha,3340.0,14.19,7932.0,4998.0,26.61,30.29,23.82,669.3,669.3,128.0,13.73,734.09,4.5,Red Yellow Podzolic,Wet,6.469999999999999,5.188372093023255,0.6300264717004916,1.0951663434283159
GAMPAHA,2016,Yala,2703.0,4.31,1903.0,1875.0,27.39,30.42,25.24,1454.4,1454.4,176.0,15.54,711.18,4.5,Red Yellow Podzolic,Wet,5.180000000000003,8.216949152542373,0.9847689075630253,0.48864916861343954
GAMPAHA,2017,Maha,3782.0,33.81,10648.0,10516.0,25.89,30.33,22.8,1538.9,1538.9,139.0,14.39,672.83,4.5,Red Yellow Podzolic,Wet,7.529999999999998,10.992142857142857,0.9875105643722415,0.4369309695434769
GAMPAHA,2017,Yala,2672.0,5.9,2728.0,2596.0,26.63,30.08,24.06,1715.3,1715.3,183.0,14.66,658.75,4.5,Red Yellow Podzolic,Wet,6.02,9.322282608695652,0.9512641993404177,0.3838198450154402
GAMPAHA,2018,Maha,3717.0,31.88,10344.0,10091.0,26.08,30.85,22.72,1331.7,1331.7,138.0,13.53,711.59,4.5,Red Yellow Podzolic,Wet,8.130000000000003,9.580575539568345,0.9754470758820686,0.5339461244090943
GAMPAHA,2018,Yala,3210.0,15.74,6163.0,5766.0,26.29,29.82,23.88,1747.6,1747.6,181.0,15.24,644.44,4.5,Red Yellow Podzolic,Wet,5.940000000000001,9.602197802197802,0.9354315379623621,0.36854626558389575
GAMPAHA,2019,Maha,4240.0,34.46,9714.0,9563.0,26.04,30.54,22.99,1880.4,1880.4,160.0,13.1,662.73,4.5,Red Yellow Podzolic,Wet,7.550000000000001,11.679503105590063,0.9843540916109109,0.3522536409057085
GAMPAHA,2019,Yala,3250.0,11.56,5500.0,4183.0,27.08,30.91,24.3,1479.5,1479.5,174.0,14.91,695.26,4.5,Red Yellow Podzolic,Wet,6.609999999999999,8.454285714285714,0.760407198691147,0.46961161769672405
GAMPAHA,2020,Yala,3445.0,29.28,10444.0,10000.0,27.1,31.02,24.35,1602.4,1602.4,180.0,14.3,695.87,4.5,Red Yellow Podzolic,Wet,6.669999999999998,8.853038674033149,0.9573958831977023,0.4339965074217288
GAMPAHA,2021,Maha,2842.0,27.06,11511.0,11202.0,25.82,30.09,22.9,1646.0,1646.0,155.0,13.82,650.67,4.5,Red Yellow Podzolic,Wet,7.190000000000001,10.551282051282051,0.9730715774843641,0.395063752276867
GAMPAHA,2021,Yala,2991.0,21.59,9954.0,8492.0,26.47,30.16,23.88,1899.3,1899.3,179.0,14.48,660.12,4.5,Red Yellow Podzolic,Wet,6.280000000000001,10.551666666666666,0.8530386740331491,0.3473767299900016
GAMPAHA,2022,Maha,3453.0,35.91,12348.0,12249.0,25.73,30.52,22.38,1261.8,1261.8,163.0,14.35,701.63,4.5,Red Yellow Podzolic,Wet,8.14,7.69390243902439,0.9919021783140335,0.5556145074437757
GAMPAHA,2022,Yala,2493.0,20.84,9850.0,9836.0,26.29,30.16,23.59,1693.7,1693.7,181.0,15.71,680.77,4.5,Red Yellow Podzolic,Wet,6.57,9.306043956043956,0.9984773119480256,0.40170531657520503
GAMPAHA,2023,Maha,3159.0,27.94,10634.0,10406.0,25.51,30.14,22.57,2400.2,2400.2,159.0,13.67,640.68,4.5,Red Yellow Podzolic,Wet,7.57,15.001249999999999,0.9784673248707099,0.2668165917041479
GAMPAHA,2023,Yala,2557.0,18.4,8660.0,8467.0,26.58,30.75,23.66,1349.2,1349.2,183.0,14.64,732.55,4.5,Red Yellow Podzolic,Wet,7.09,7.3326086956521745,0.9776007389446946,0.5425492519626721
GAMPAHA,2024,Maha,3302.0,27.81,9926.0,9909.0,26.19,30.82,22.98,1605.4,1605.4,153.0,14.39,701.01,4.5,Red Yellow Podzolic,Wet,7.84,10.424675324675325,0.9981867633726201,0.4363857071713147
GAMPAHA,2024,Yala,2831.0,13.79,6017.0,5732.0,27.13,31.47,24.1,2025.6,2025.6,174.0,15.53,729.98,4.5,Red Yellow Podzolic,Wet,7.369999999999997,11.574857142857143,0.9524759056164839,0.36019934866278497
GAMPAHA,2025,Yala,3129.170523709204,18.7,7036.681962452414,7030.6116709044045,26.38,30.6,23.38,1699.0,1699.0,175.0,15.15,714.58,4.5,Red Yellow Podzolic,Wet,7.220000000000002,9.653409090909092,0.998995366430917,0.4203411764705883
HAMBANTOTA,1979,Maha,3538.0,30.3,16079.0,15680.0,26.29,29.48,24.07,760.8,760.8,131.0,16.93,733.55,6.5,Reddish Brown Earth,Dry,5.41,5.763636363636364,0.9751243781094527,0.9629167760567078
HAMBANTOTA,1979,Yala,3763.0,30.6,9572.0,9280.0,28.35,32.32,25.58,168.1,168.1,121.0,23.55,988.52,6.5,Reddish Brown Earth,Dry,6.740000000000002,1.3778688524590164,0.9693930847174345,5.845771732702543
HAMBANTOTA,1980,Maha,3947.0,35.6,18448.0,18303.0,26.69,30.28,23.98,375.1,375.1,96.0,17.68,839.14,6.5,Reddish Brown Earth,Dry,6.300000000000001,3.8670103092783505,0.9920862919399426,2.2311619250199413
HAMBANTOTA,1980,Yala,3588.0,41.2,13262.0,13117.0,28.07,31.79,25.46,229.2,229.2,120.0,23.07,945.49,6.5,Reddish Brown Earth,Dry,6.329999999999998,1.8942148760330577,0.9889919324436403,4.107254561251087
HAMBANTOTA,1981,Maha,3726.0,37.4,17967.0,16662.0,26.65,30.44,23.75,335.3,335.3,92.0,18.18,855.26,6.5,Reddish Brown Earth,Dry,6.690000000000001,3.6053763440860216,0.9273152270703473,2.543146000594707
HAMBANTOTA,1981,Yala,3491.0,39.8,13135.0,13043.0,27.93,31.58,25.44,244.5,244.5,124.0,22.99,926.34,6.5,Reddish Brown Earth,Dry,6.139999999999997,1.956,0.9929202192448234,3.773279022403259
HAMBANTOTA,1982,Maha,4280.0,35.9,19738.0,19648.0,26.47,30.02,23.88,561.7,561.7,108.0,18.69,807.92,6.5,Reddish Brown Earth,Dry,6.140000000000001,5.153211009174313,0.9953898373777801,1.4357917185000886
HAMBANTOTA,1982,Yala,3948.0,48.3,14119.0,13991.0,27.75,31.38,25.25,345.9,345.9,147.0,22.31,900.52,6.5,Reddish Brown Earth,Dry,6.129999999999999,2.337162162162162,0.9908640226628895,2.5959066013260306
HAMBANTOTA,1983,Maha,4116.0,70.4,19527.0,19498.0,26.65,30.14,24.06,363.6,363.6,111.0,18.02,806.36,6.5,Reddish Brown Earth,Dry,6.080000000000002,3.2464285714285714,0.9984637443670626,2.211629182665935
HAMBANTOTA,1983,Yala,4222.0,40.2,11780.0,10884.0,28.52,32.32,25.82,172.0,172.0,126.0,22.84,960.64,6.5,Reddish Brown Earth,Dry,6.5,1.3543307086614174,0.923860453272218,5.552832369942196
HAMBANTOTA,1984,Maha,4586.0,66.1,17646.0,17460.0,26.16,29.34,23.81,740.4,740.4,138.0,16.63,739.13,6.5,Reddish Brown Earth,Dry,5.530000000000001,5.326618705035971,0.9894032980109934,0.996938224979768
HAMBANTOTA,1984,Yala,3347.0,45.8,16556.0,15650.0,27.15,30.39,24.89,378.8,378.8,130.0,22.67,872.76,6.5,Reddish Brown Earth,Dry,5.5,2.8916030534351145,0.945219544603491,2.297946287519747
HAMBANTOTA,1985,Maha,4194.0,71.6,19542.0,19502.0,26.07,29.23,23.83,802.0,802.0,138.0,17.89,734.9,6.5,Reddish Brown Earth,Dry,5.400000000000002,5.76978417266187,0.997902062119429,0.9151930261519302
HAMBANTOTA,1985,Yala,3930.0,43.3,12592.0,12580.0,27.32,30.6,25.05,248.0,248.0,143.0,23.57,874.77,6.5,Reddish Brown Earth,Dry,5.550000000000001,1.7222222222222223,0.9989676804573969,3.513132530120482
HAMBANTOTA,1986,Maha,4302.0,67.2,19602.0,17848.0,26.61,30.05,24.11,406.4,406.4,130.0,19.2,802.11,6.5,Reddish Brown Earth,Dry,5.940000000000001,3.1022900763358776,0.9104728868030404,1.9688512518409427
HAMBANTOTA,1986,Yala,4026.0,52.9,15326.0,15012.0,27.46,30.84,25.11,303.9,303.9,122.0,23.11,894.01,6.5,Reddish Brown Earth,Dry,5.73,2.470731707317073,0.9794480328831474,2.932141685798623
HAMBANTOTA,1987,Maha,4853.0,95.6,22520.0,22499.0,26.82,30.09,24.42,623.9,623.9,113.0,17.15,769.93,6.5,Reddish Brown Earth,Dry,5.669999999999998,5.472807017543859,0.999023133963856,1.2320851336213794
HAMBANTOTA,1987,Yala,4261.0,29.9,8660.68,8029.0,28.05,31.49,25.58,364.7,364.7,128.0,21.63,910.24,6.5,Reddish Brown Earth,Dry,5.91,2.8271317829457363,0.9269564333939836,2.4890347279190594
HAMBANTOTA,1988,Maha,4321.0,84.1,22227.0,22227.0,26.81,30.23,24.27,402.0,402.0,118.0,17.79,800.04,6.5,Reddish Brown Earth,Dry,5.960000000000001,3.3781512605042017,0.9999550116969588,1.9852109181141437
HAMBANTOTA,1988,Yala,4351.0,52.3,13741.0,13741.0,27.74,30.94,25.6,432.0,432.0,144.0,22.56,830.29,6.5,Reddish Brown Earth,Dry,5.34,2.9793103448275864,0.9999272303885898,1.9175288683602771
HAMBANTOTA,1989,Maha,4179.0,65.5,18392.0,17922.0,26.66,30.26,23.95,373.6,373.6,97.0,19.41,832.14,6.5,Reddish Brown Earth,Dry,6.310000000000002,3.812244897959184,0.9743924319034415,2.221409503470368
HAMBANTOTA,1989,Yala,4274.0,57.9,15591.0,15489.0,27.52,31.09,25.07,243.8,243.8,124.0,23.81,904.04,6.5,Reddish Brown Earth,Dry,6.02,1.9504000000000001,0.9933940482298614,3.69297385620915
HAMBANTOTA,1990,Maha,4455.0,67.0,17635.0,17151.0,26.75,30.26,24.2,627.5,627.5,121.0,18.88,804.88,6.5,Reddish Brown Earth,Dry,6.060000000000002,5.14344262295082,0.9724994329779996,1.2806364359586317
HAMBANTOTA,1990,Yala,4796.0,54.9,13592.0,13087.0,27.88,31.45,25.47,248.6,248.6,129.0,23.61,910.4,6.5,Reddish Brown Earth,Dry,5.98,1.9123076923076923,0.9627749576988156,3.6474358974358974
HAMBANTOTA,1991,Maha,4637.0,87.0,21537.0,21427.0,26.53,30.0,23.94,422.0,422.0,113.0,19.65,800.89,6.5,Reddish Brown Earth,Dry,6.059999999999999,3.7017543859649122,0.9948463181353886,1.8933569739952718
HAMBANTOTA,1991,Yala,3477.0,42.1,13839.0,13839.0,28.03,31.53,25.56,304.0,304.0,138.0,22.6,906.22,6.5,Reddish Brown Earth,Dry,5.970000000000002,2.1870503597122304,0.9999277456647399,2.9712131147540983
HAMBANTOTA,1992,Maha,4703.0,89.4,22085.0,21731.0,26.45,29.96,23.85,376.5,376.5,96.0,20.17,824.05,6.5,Reddish Brown Earth,Dry,6.109999999999999,3.881443298969072,0.9839264692565426,2.1829139072847683
HAMBANTOTA,1992,Yala,3763.0,32.6,12095.0,9900.0,27.97,31.82,25.29,206.3,206.3,101.0,24.15,962.99,6.5,Reddish Brown Earth,Dry,6.530000000000001,2.022549019607843,0.8184523809523809,4.64539315002412
HAMBANTOTA,1993,Maha,4048.0,81.6,23167.0,23024.0,26.39,29.75,23.95,601.9,601.9,124.0,18.11,773.53,6.5,Reddish Brown Earth,Dry,5.800000000000001,4.8152,0.9937845303867403,1.2830154254436887
HAMBANTOTA,1993,Yala,4586.0,46.8,11691.0,11667.0,27.76,31.37,25.23,256.9,256.9,114.0,23.49,912.92,6.5,Reddish Brown Earth,Dry,6.140000000000001,2.233913043478261,0.9978617858364693,3.539821636293137
HAMBANTOTA,1994,Maha,3953.0,78.0,22545.0,22545.0,25.85,28.7,23.85,855.2,855.2,136.0,16.99,679.44,6.5,Reddish Brown Earth,Dry,4.849999999999998,6.242335766423358,0.9999556462343653,0.7935529081990189
HAMBANTOTA,1994,Yala,3875.0,62.1,18346.45,18321.0,27.38,30.57,25.1,356.0,356.0,137.0,22.88,866.27,6.5,Reddish Brown Earth,Dry,5.469999999999999,2.579710144927536,0.9985583827725378,2.426526610644258
HAMBANTOTA,1995,Maha,3893.0,70.9,20826.0,20804.0,26.8,30.32,24.25,236.7,236.7,106.0,20.09,830.37,6.5,Reddish Brown Earth,Dry,6.07,2.2121495327102805,0.9988956642819418,3.493352965923433
HAMBANTOTA,1995,Yala,3927.0,64.0,18654.0,18634.0,27.58,30.95,25.24,425.6,425.6,136.0,22.91,883.9,6.5,Reddish Brown Earth,Dry,5.710000000000001,3.1065693430656935,0.998874296435272,2.071964369432724
HAMBANTOTA,1996,Maha,3995.0,64.3,18385.0,18383.0,26.7,30.34,24.07,388.7,388.7,125.0,19.63,823.09,6.5,Reddish Brown Earth,Dry,6.27,3.0849206349206346,0.9998368323724574,2.112111880934052
HAMBANTOTA,1996,Yala,4066.0,51.2,14418.0,14400.0,27.5,30.92,25.14,449.8,449.8,139.0,23.02,878.23,6.5,Reddish Brown Earth,Dry,5.780000000000001,3.212857142857143,0.9986822941951592,1.948158828748891
HAMBANTOTA,1997,Maha,3761.0,80.9,24648.0,24573.0,26.5,29.84,24.04,833.8,833.8,130.0,16.4,765.04,6.5,Reddish Brown Earth,Dry,5.800000000000001,6.364885496183206,0.9969167106170636,0.916435074269286
HAMBANTOTA,1997,Yala,3886.0,51.5,15308.0,15155.0,27.79,31.34,25.29,313.6,313.6,138.0,21.48,894.76,6.5,Reddish Brown Earth,Dry,6.050000000000001,2.2561151079136694,0.9899405578417924,2.8441195168467894
HAMBANTOTA,1998,Maha,4106.0,84.1,23407.0,23395.0,26.94,30.26,24.53,548.7,548.7,111.0,19.42,794.68,6.5,Reddish Brown Earth,Dry,5.73,4.899107142857143,0.9994446343130554,1.445661269783518
HAMBANTOTA,1998,Yala,4366.0,70.1,18788.0,18336.0,28.51,32.02,25.99,249.9,249.9,118.0,23.16,942.55,6.5,Reddish Brown Earth,Dry,6.030000000000005,2.1,0.9758901484911384,3.756675966520526
HAMBANTOTA,1999,Maha,4354.0,74.0,20368.0,19553.0,26.15,29.3,23.89,587.2,587.2,132.0,18.0,731.53,6.5,Reddish Brown Earth,Dry,5.41,4.415037593984962,0.9599391231773774,1.2436756205372321
HAMBANTOTA,1999,Yala,3809.0,65.4,20667.0,19608.0,27.5,31.01,25.06,222.2,222.2,120.0,25.15,924.61,6.5,Reddish Brown Earth,Dry,5.950000000000003,1.8363636363636362,0.9487129862589511,4.142517921146954
HAMBANTOTA,2000,Maha,4680.0,58.0,14339.0,14212.0,26.27,29.38,24.02,671.9,671.9,136.0,17.44,733.38,6.5,Reddish Brown Earth,Dry,5.359999999999999,4.904379562043795,0.991073919107392,1.0898796255015604
HAMBANTOTA,2000,Maha,4680.0,58.0,34912.0,14212.0,26.27,29.38,24.02,671.9,671.9,136.0,17.44,733.38,6.5,Reddish Brown Earth,Dry,5.359999999999999,4.904379562043795,0.4070690000859279,1.0898796255015604
HAMBANTOTA,2000,Maha,4680.0,58.0,14339.0,34890.0,26.27,29.38,24.02,671.9,671.9,136.0,17.44,733.38,6.5,Reddish Brown Earth,Dry,5.359999999999999,4.904379562043795,2.433054393305439,1.0898796255015604
HAMBANTOTA,2000,Maha,4680.0,58.0,34912.0,34890.0,26.27,29.38,24.02,671.9,671.9,136.0,17.44,733.38,6.5,Reddish Brown Earth,Dry,5.359999999999999,4.904379562043795,0.9993412196030133,1.0898796255015604
HAMBANTOTA,2000,Maha,5883.0,58.0,14339.0,14212.0,26.27,29.38,24.02,671.9,671.9,136.0,17.44,733.38,6.5,Reddish Brown Earth,Dry,5.359999999999999,4.904379562043795,0.991073919107392,1.0898796255015604
HAMBANTOTA,2000,Maha,5883.0,58.0,34912.0,14212.0,26.27,29.38,24.02,671.9,671.9,136.0,17.44,733.38,6.5,Reddish Brown Earth,Dry,5.359999999999999,4.904379562043795,0.4070690000859279,1.0898796255015604
HAMBANTOTA,2000,Maha,5883.0,58.0,14339.0,34890.0,26.27,29.38,24.02,671.9,671.9,136.0,17.44,733.38,6.5,Reddish Brown Earth,Dry,5.359999999999999,4.904379562043795,2.433054393305439,1.0898796255015604
HAMBANTOTA,2000,Maha,5883.0,58.0,34912.0,34890.0,26.27,29.38,24.02,671.9,671.9,136.0,17.44,733.38,6.5,Reddish Brown Earth,Dry,5.359999999999999,4.904379562043795,0.9993412196030133,1.0898796255015604
HAMBANTOTA,2000,Yala,4092.0,72.0,21286.0,20109.0,27.5,30.91,25.16,222.6,222.6,133.0,23.43,888.17,6.5,Reddish Brown Earth,Dry,5.75,1.6611940298507462,0.9446610607412975,3.972137745974955
HAMBANTOTA,2001,Maha,4820.0,59.0,14235.0,13930.0,26.6,29.99,24.09,453.5,453.5,128.0,17.84,770.14,6.5,Reddish Brown Earth,Dry,5.899999999999999,3.5155038759689923,0.978505198089351,1.6944774477447744
HAMBANTOTA,2001,Yala,4589.0,37.0,9645.0,9279.0,27.81,31.39,25.27,263.5,263.5,121.0,23.41,928.92,6.5,Reddish Brown Earth,Dry,6.120000000000001,2.1598360655737703,0.9619531411984242,3.511984877126654
HAMBANTOTA,2002,Maha,4587.0,65.0,17120.0,16264.0,26.68,30.0,24.23,778.7,778.7,120.0,18.31,778.03,6.5,Reddish Brown Earth,Dry,5.77,6.435537190082645,0.9499445125868816,0.9978581505707322
HAMBANTOTA,2002,Yala,4343.0,45.0,12525.0,11899.0,27.93,31.49,25.42,312.0,312.0,114.0,23.58,920.6,6.5,Reddish Brown Earth,Dry,6.069999999999997,2.7130434782608694,0.9499441162382245,2.9412140575079873
HAMBANTOTA,2003,Maha,4626.0,67.3,16737.0,16646.0,26.58,29.81,24.2,492.1,492.1,108.0,19.02,773.01,6.5,Reddish Brown Earth,Dry,5.609999999999999,4.514678899082569,0.9945035249133708,1.567653619955384
HAMBANTOTA,2003,Yala,3802.0,60.6,20076.0,18470.0,27.55,30.7,25.34,431.3,431.3,146.0,22.03,840.0,6.5,Reddish Brown Earth,Dry,5.359999999999999,2.934013605442177,0.9199581610798426,1.9430950728660652
HAMBANTOTA,2004,Maha,4467.0,72.9,19066.0,18678.0,26.53,29.77,24.23,667.4,667.4,127.0,18.25,760.43,6.5,Reddish Brown Earth,Dry,5.539999999999999,5.2140625,0.9795982587716998,1.137687013764213
HAMBANTOTA,2004,Yala,4780.0,55.9,13485.0,13383.0,27.68,31.09,25.37,308.5,308.5,127.0,24.02,892.85,6.5,Reddish Brown Earth,Dry,5.719999999999999,2.41015625,0.9923624499480943,2.884814216478191
HAMBANTOTA,2005,Maha,5069.0,88.0,19881.0,19873.0,26.63,29.95,24.2,553.8,553.8,115.0,18.4,776.44,6.5,Reddish Brown Earth,Dry,5.75,4.774137931034482,0.999547329242531,1.3994953136265322
HAMBANTOTA,2005,Yala,4166.0,60.0,16633.0,16492.0,27.98,31.47,25.54,250.0,250.0,135.0,23.36,907.87,6.5,Reddish Brown Earth,Dry,5.93,1.838235294117647,0.9914632680052904,3.617011952191235
HAMBANTOTA,2006,Maha,5215.0,99.7,22320.0,21875.0,26.09,29.07,23.98,885.7,885.7,135.0,17.99,699.96,6.5,Reddish Brown Earth,Dry,5.09,6.5125,0.9800188163612741,0.7893988947783918
HAMBANTOTA,2006,Yala,4470.0,64.1,16448.0,16406.0,27.75,31.1,25.38,355.6,355.6,138.0,22.6,882.09,6.5,Reddish Brown Earth,Dry,5.720000000000002,2.5582733812949643,0.9973858593227551,2.473611890072911
HAMBANTOTA,2007,Maha,4762.0,100.0,24234.0,24007.0,26.27,29.32,23.99,518.0,518.0,116.0,18.35,743.01,6.5,Reddish Brown Earth,Dry,5.330000000000002,4.427350427350428,0.9905921188363936,1.4316184971098265
HAMBANTOTA,2007,Yala,4940.0,89.6,20923.0,20771.0,27.6,30.9,25.26,418.5,418.5,124.0,21.81,865.4,6.5,Reddish Brown Earth,Dry,5.639999999999997,3.348,0.9926878225960619,2.062932061978546
HAMBANTOTA,2008,Maha,5295.0,28.2,25575.0,25315.0,26.55,29.7,24.12,712.8,712.8,124.0,16.36,767.45,6.5,Reddish Brown Earth,Dry,5.579999999999998,5.7024,0.9897951204253989,1.0751611095544973
HAMBANTOTA,2008,Yala,4725.0,101.0,24500.0,24451.0,27.07,30.11,25.0,587.2,587.2,153.0,21.38,812.45,6.5,Reddish Brown Earth,Dry,5.109999999999999,3.8129870129870134,0.9979592669686952,1.3812478748724923
HAMBANTOTA,2009,Maha,5183.0,29.6,26098.0,26012.0,26.71,29.98,24.23,639.2,639.2,112.0,17.7,781.82,6.5,Reddish Brown Earth,Dry,5.75,5.656637168141593,0.9966665389478524,1.2212121212121212
HAMBANTOTA,2009,Yala,5017.0,95.8,21905.0,21853.0,27.84,31.26,25.48,293.1,293.1,132.0,23.04,897.14,6.5,Reddish Brown Earth,Dry,5.780000000000001,2.2037593984962407,0.9975805715329134,3.050459027541652
HAMBANTOTA,2010,Maha,5779.0,23.0,36084.0,35460.0,26.59,29.75,24.33,875.8,875.8,106.0,18.01,748.36,6.5,Reddish Brown Earth,Dry,5.420000000000002,8.185046728971962,0.9826797838437024,0.8535127737226278
HAMBANTOTA,2010,Yala,5114.0,108.3,24255.0,24244.0,27.95,31.14,25.72,384.0,384.0,124.0,21.97,862.99,6.5,Reddish Brown Earth,Dry,5.420000000000002,3.072,0.9995052770448549,2.2415324675324677
HAMBANTOTA,2011,Maha,5198.0,24.0,26759.0,26102.0,26.31,29.24,24.17,1037.5,1037.5,139.0,16.15,697.75,6.5,Reddish Brown Earth,Dry,5.069999999999997,7.410714285714286,0.9754110612855007,0.6718825228695233
HAMBANTOTA,2011,Yala,5047.0,111.4,25339.0,25260.0,27.45,30.64,25.22,318.3,318.3,125.0,21.78,869.65,6.5,Reddish Brown Earth,Dry,5.420000000000002,2.526190476190476,0.9968429360694554,2.723614155966176
HAMBANTOTA,2012,Maha,6575.0,18.7,28946.0,28802.0,26.4,29.42,24.15,785.6,785.6,131.0,16.86,734.17,6.5,Reddish Brown Earth,Dry,5.270000000000003,5.951515151515152,0.9949908453380316,0.933346046275108
HAMBANTOTA,2012,Yala,4919.0,88.2,21403.0,20525.0,27.82,31.26,25.43,244.9,244.9,121.0,22.89,920.01,6.5,Reddish Brown Earth,Dry,5.830000000000002,2.0073770491803278,0.9589329097364978,3.7413989426596177
HAMBANTOTA,2013,Maha,5592.0,18.6,26882.0,26679.0,26.42,29.47,24.13,578.9,578.9,116.0,17.27,740.1,6.5,Reddish Brown Earth,Dry,5.34,4.947863247863248,0.9924115612096864,1.2762545266425247
HAMBANTOTA,2013,Yala,4987.0,112.6,25896.0,25850.0,27.67,30.83,25.46,277.4,277.4,109.0,22.62,876.68,6.5,Reddish Brown Earth,Dry,5.369999999999997,2.5218181818181815,0.9981851179673321,3.1489942528735635
HAMBANTOTA,2014,Maha,6134.0,22.3,27175.0,26995.0,26.55,29.75,24.22,1025.5,1025.5,126.0,17.54,748.53,6.5,Reddish Brown Earth,Dry,5.530000000000001,8.0748031496063,0.993339711510156,0.729206039941549
HAMBANTOTA,2014,Yala,4627.0,83.5,21524.0,20644.0,28.27,31.9,25.78,257.4,257.4,95.0,24.13,967.0,6.5,Reddish Brown Earth,Dry,6.119999999999997,2.68125,0.9590708478513357,3.742260061919505
HAMBANTOTA,2015,Maha,5418.0,21.05,27848.0,27128.0,26.49,29.42,24.34,916.6,916.6,133.0,15.75,706.12,6.5,Reddish Brown Earth,Dry,5.080000000000002,6.840298507462687,0.9741103809831592,0.7695292066259808
HAMBANTOTA,2015,Yala,5279.0,118.2,26302.0,25626.0,27.74,30.93,25.46,430.2,430.2,132.0,20.9,879.15,6.5,Reddish Brown Earth,Dry,5.469999999999999,3.2345864661654136,0.9742614910846672,2.038845083487941
HAMBANTOTA,2016,Maha,5253.0,6.91,22011.0,21750.0,27.23,30.75,24.67,279.2,279.2,88.0,19.3,844.75,6.5,Reddish Brown Earth,Dry,6.079999999999998,3.137078651685393,0.9880974014174086,3.0148108493932906
HAMBANTOTA,2016,Yala,5259.0,101.27,22444.0,22042.0,28.18,31.36,25.94,504.1,504.1,105.0,22.82,897.49,6.5,Reddish Brown Earth,Dry,5.419999999999998,4.755660377358491,0.9820449988861661,1.7768560681053256
HAMBANTOTA,2017,Maha,5773.0,23.44,34695.0,34695.0,26.84,30.28,24.39,915.9,915.9,152.0,21.27,798.12,6.5,Reddish Brown Earth,Dry,5.890000000000001,5.986274509803922,0.9999711782338022,0.8704547933253354
HAMBANTOTA,2017,Yala,5348.0,97.05,20967.0,20772.0,28.31,31.89,25.73,299.9,299.9,159.0,24.93,960.89,6.5,Reddish Brown Earth,Dry,6.16,1.874375,0.9906524227394125,3.193386507145231
HAMBANTOTA,2018,Maha,6622.0,26.05,34164.0,34141.0,26.53,29.87,24.02,664.0,664.0,145.0,19.02,773.37,6.5,Reddish Brown Earth,Dry,5.850000000000001,4.5479452054794525,0.9992975267086199,1.1629624060150376
HAMBANTOTA,2018,Yala,6252.0,134.9,24771.0,24695.0,27.52,30.64,25.21,527.3,527.3,152.0,23.85,858.16,6.5,Reddish Brown Earth,Dry,5.43,3.4464052287581697,0.9968916518650088,1.6243800870717395
HAMBANTOTA,2019,Maha,6302.0,22.79,34978.0,34933.0,26.53,29.59,24.24,1021.5,1021.5,163.0,19.5,726.77,6.5,Reddish Brown Earth,Dry,5.350000000000001,6.228658536585366,0.9986849252408588,0.7107775061124694
HAMBANTOTA,2019,Yala,5726.0,161.07,32702.0,32195.0,28.11,31.34,25.59,374.0,374.0,158.0,24.87,882.49,6.5,Reddish Brown Earth,Dry,5.75,2.352201257861635,0.9844662569183256,2.3533066666666667
HAMBANTOTA,2020,Yala,5986.0,178.65,34167.0,34161.0,28.26,31.58,25.7,321.9,321.9,144.0,24.43,910.39,6.5,Reddish Brown Earth,Dry,5.879999999999999,2.2199999999999998,0.9997951299461485,2.819417776401363
HAMBANTOTA,2021,Maha,3969.0,20.62,36104.0,36007.0,26.81,30.25,24.36,757.3,757.3,160.0,21.19,790.96,6.5,Reddish Brown Earth,Dry,5.890000000000001,4.703726708074534,0.9972856945021465,1.0430700250560465
HAMBANTOTA,2021,Yala,5814.0,175.19,34490.0,34490.0,28.01,31.67,25.34,377.9,377.9,151.0,24.13,918.6,6.5,Reddish Brown Earth,Dry,6.330000000000002,2.4861842105263157,0.9999710069293439,2.4243863816310376
HAMBANTOTA,2022,Maha,5468.0,23.91,37347.0,37289.0,26.78,30.6,24.03,637.7,637.7,152.0,21.07,837.8,6.5,Reddish Brown Earth,Dry,6.57,4.167973856209151,0.9984202634679233,1.3117269453577578
HAMBANTOTA,2022,Yala,4612.0,133.0,33031.0,33003.0,27.69,31.14,25.22,492.1,492.1,161.0,24.28,921.29,6.5,Reddish Brown Earth,Dry,5.920000000000002,3.0376543209876545,0.9991220634536208,1.868363415128777
HAMBANTOTA,2023,Maha,5668.0,20.78,36527.0,35958.0,26.33,29.52,23.99,1218.1,1218.1,164.0,20.14,731.7,6.5,Reddish Brown Earth,Dry,5.530000000000001,7.382424242424242,0.984395532194481,0.6001968665408909
HAMBANTOTA,2023,Yala,5087.0,146.31,34947.0,32920.0,28.21,31.75,25.52,350.8,350.8,158.0,25.0,969.23,6.5,Reddish Brown Earth,Dry,6.23,2.2062893081761006,0.9419709282362367,2.7550596930073907
HAMBANTOTA,2024,Maha,5725.0,21.51,36338.0,36174.0,27.09,30.49,24.55,937.5,937.5,160.0,21.65,816.69,6.5,Reddish Brown Earth,Dry,5.939999999999998,5.8229813664596275,0.9954594237595972,0.870207778369739
HAMBANTOTA,2024,Yala,5381.0,165.7,35253.0,35246.0,28.1,31.18,25.59,606.0,606.0,165.0,24.03,888.32,6.5,Reddish Brown Earth,Dry,5.59,3.6506024096385543,0.9997730753956998,1.4634596375617792
HAMBANTOTA,2025,Yala,6016.539782113563,187.77,35731.35479599571,35720.832957312494,28.19,31.98,25.44,469.3,469.3,158.0,26.82,984.51,6.5,Reddish Brown Earth,Dry,6.539999999999999,2.9515723270440253,0.9996775516545441,2.0933659366361894
KALUTARA,1979,Maha,1803.0,31.0,19204.0,18636.0,25.69,28.63,23.6,1716.9,1716.9,159.0,11.96,631.24,4.6,Red Yellow Podzolic,Wet,5.029999999999998,10.730625,0.9703722988804999,0.36744862914022935
KALUTARA,1979,Yala,1690.0,25.6,16690.0,16372.0,26.72,29.23,24.74,1017.6,1017.6,169.0,15.83,710.49,4.6,Red Yellow Podzolic,Wet,4.490000000000002,5.985882352941177,0.9808879036606555,0.6975161987041036
KALUTARA,1980,Maha,2123.0,37.4,19233.0,19054.0,25.98,29.05,23.67,783.1,783.1,133.0,13.63,706.63,4.6,Red Yellow Podzolic,Wet,5.379999999999999,5.844029850746269,0.9906415722158677,0.9011988266802703
KALUTARA,1980,Yala,1685.0,26.5,17323.0,16996.0,26.74,29.26,24.78,1152.4,1152.4,176.0,15.88,696.21,4.6,Red Yellow Podzolic,Wet,4.48,6.510734463276837,0.9810667282382821,0.6036153979538755
KALUTARA,1981,Maha,2605.0,45.2,19026.0,18769.0,25.6,28.58,23.24,907.3,907.3,119.0,12.53,689.89,4.6,Red Yellow Podzolic,Wet,5.34,7.560833333333333,0.9864403216481842,0.7595397996256743
KALUTARA,1981,Yala,1909.0,31.7,18396.0,17948.0,26.45,28.85,24.62,1089.4,1089.4,180.0,15.45,670.24,4.6,Red Yellow Podzolic,Wet,4.23,6.018784530386741,0.9755938468228516,0.6146735143066764
KALUTARA,1982,Maha,2518.0,42.7,19549.0,18348.0,25.75,28.8,23.47,1342.2,1342.2,139.0,12.17,665.41,4.6,Red Yellow Podzolic,Wet,5.330000000000002,9.587142857142858,0.9385166240409207,0.49539160214413336
KALUTARA,1982,Yala,1847.0,27.3,17706.0,15968.0,26.49,28.97,24.59,1217.0,1217.0,180.0,15.42,675.02,4.6,Red Yellow Podzolic,Wet,4.379999999999999,6.723756906077348,0.9017902524425369,0.5542036124794746
KALUTARA,1983,Maha,2631.0,46.7,19586.0,19206.0,25.95,28.88,23.69,887.9,887.9,138.0,13.04,668.43,4.6,Red Yellow Podzolic,Wet,5.189999999999998,6.3877697841726615,0.9805483228672078,0.751974350320621
KALUTARA,1983,Yala,2177.0,22.8,11865.0,11349.0,27.19,29.7,25.22,1045.1,1045.1,166.0,16.07,710.17,4.6,Red Yellow Podzolic,Wet,4.48,6.258083832335329,0.9564301365245238,0.6788739126278559
KALUTARA,1984,Maha,2389.0,43.2,19786.0,19585.0,25.33,28.17,23.3,1319.1,1319.1,151.0,13.26,628.12,4.6,Red Yellow Podzolic,Wet,4.870000000000001,8.67828947368421,0.989791277101127,0.4758124384516325
KALUTARA,1984,Yala,2091.0,30.2,17127.0,15635.0,26.01,28.3,24.29,1379.3,1379.3,171.0,16.41,642.43,4.6,Red Yellow Podzolic,Wet,4.010000000000002,8.019186046511628,0.9128327884166277,0.4654278055495182
KALUTARA,1985,Maha,2558.0,45.6,19498.0,19297.0,25.45,28.33,23.34,1466.1,1466.1,151.0,12.72,632.75,4.6,Red Yellow Podzolic,Wet,4.989999999999998,9.645394736842105,0.9896404943843274,0.4312930270601868
KALUTARA,1985,Yala,1815.0,26.8,16898.0,15967.0,26.07,28.3,24.39,1453.5,1453.5,184.0,16.03,635.74,4.6,Red Yellow Podzolic,Wet,3.91,7.856756756756757,0.9448488076217527,0.43708490890340324
KALUTARA,1986,Maha,2802.0,48.9,18967.0,18906.0,25.57,28.4,23.44,1010.1,1010.1,149.0,12.78,649.87,4.6,Red Yellow Podzolic,Wet,4.959999999999997,6.734,0.9967313369886124,0.6427356344575215
KALUTARA,1986,Yala,2264.0,34.5,16767.0,16485.0,26.21,28.57,24.44,1221.8,1221.8,179.0,15.68,660.68,4.6,Red Yellow Podzolic,Wet,4.129999999999999,6.7877777777777775,0.9831226145038168,0.5403009486424599
KALUTARA,1987,Maha,2523.0,41.7,18563.0,17879.0,26.1,29.03,23.94,1099.8,1099.8,143.0,13.25,664.77,4.6,Red Yellow Podzolic,Wet,5.09,7.637499999999999,0.9631006248653308,0.6038971656976744
KALUTARA,1987,Yala,2015.0,26.8,14945.05,14407.0,26.89,29.38,24.93,1155.4,1155.4,175.0,14.95,696.57,4.6,Red Yellow Podzolic,Wet,4.449999999999999,6.564772727272728,0.9639336145670596,0.6023607748184019
KALUTARA,1988,Maha,2337.0,38.4,18257.0,17796.0,26.02,29.11,23.74,979.9,979.9,140.0,12.94,694.83,4.6,Red Yellow Podzolic,Wet,5.370000000000001,6.949645390070922,0.9746960236608609,0.7083596696911001
KALUTARA,1988,Yala,2112.0,30.8,16207.0,15808.0,26.54,28.85,24.84,1754.4,1754.4,180.0,15.28,612.1,4.6,Red Yellow Podzolic,Wet,4.010000000000002,9.692817679558011,0.9753208292201382,0.34869545402757207
KALUTARA,1989,Maha,2624.0,43.2,18030.0,17827.0,25.73,28.74,23.46,1121.2,1121.2,132.0,12.82,667.63,4.6,Red Yellow Podzolic,Wet,5.279999999999998,8.430075187969924,0.9886861516277522,0.5949296025663874
KALUTARA,1989,Yala,2418.0,35.7,16151.0,15974.0,26.09,28.39,24.35,1492.9,1492.9,174.0,16.49,634.14,4.6,Red Yellow Podzolic,Wet,4.039999999999999,8.530857142857144,0.9889796929172858,0.42448624405917396
KALUTARA,1990,Maha,2731.0,45.2,17961.0,17918.0,25.9,28.86,23.62,1326.4,1326.4,149.0,12.87,663.0,4.6,Red Yellow Podzolic,Wet,5.239999999999998,8.842666666666668,0.9975503841443046,0.4994726533072171
KALUTARA,1990,Yala,2434.0,36.4,16254.0,16183.0,26.48,28.81,24.72,1285.1,1285.1,179.0,16.16,660.45,4.6,Red Yellow Podzolic,Wet,4.09,7.139444444444444,0.9955705936634882,0.5135292745509681
KALUTARA,1991,Maha,2783.0,45.7,17825.0,17762.0,25.73,28.68,23.5,1175.5,1175.5,145.0,12.58,651.99,4.6,Red Yellow Podzolic,Wet,5.18,8.051369863013699,0.9964097385840907,0.5541776455588611
KALUTARA,1991,Yala,2108.0,29.6,16386.0,15198.0,26.62,29.06,24.74,1375.1,1375.1,181.0,15.38,672.38,4.6,Red Yellow Podzolic,Wet,4.32,7.555494505494505,0.9274424848965643,0.488612746166703
KALUTARA,1992,Maha,2392.0,36.9,16902.0,16702.0,25.62,28.57,23.39,1021.3,1021.3,135.0,13.5,661.23,4.6,Red Yellow Podzolic,Wet,5.18,7.509558823529411,0.9881086197716382,0.6468062212657733
KALUTARA,1992,Yala,2319.0,28.5,13639.0,13321.0,26.74,29.27,24.78,1241.3,1241.3,165.0,16.66,689.12,4.6,Red Yellow Podzolic,Wet,4.489999999999998,7.477710843373494,0.9766129032258064,0.5547130322788376
KALUTARA,1993,Maha,2858.0,44.0,16732.0,16663.0,25.67,28.6,23.49,1299.5,1299.5,147.0,12.86,634.64,4.6,Red Yellow Podzolic,Wet,5.110000000000003,8.780405405405405,0.9958166497340585,0.48799692425990004
KALUTARA,1993,Yala,2059.0,25.2,13618.0,13241.0,26.33,28.75,24.48,1289.9,1289.9,176.0,15.98,658.49,4.6,Red Yellow Podzolic,Wet,4.27,7.287570621468927,0.9722446581981056,0.5101014795878844
KALUTARA,1994,Maha,2704.0,41.6,16707.0,16659.0,25.53,28.44,23.46,1403.6,1403.6,161.0,12.23,613.09,4.6,Red Yellow Podzolic,Wet,4.98,8.664197530864197,0.9970672731625568,0.43648725615833694
KALUTARA,1994,Yala,2305.0,30.7,14505.97,14402.0,26.27,28.63,24.43,1283.2,1283.2,178.0,15.42,648.85,4.6,Red Yellow Podzolic,Wet,4.199999999999999,7.168715083798883,0.992764167844836,0.5052561906245133
KALUTARA,1995,Maha,2375.0,36.1,16496.0,16442.0,25.95,28.85,23.72,1046.9,1046.9,145.0,13.12,665.7,4.6,Red Yellow Podzolic,Wet,5.130000000000003,7.17054794520548,0.9966660604958477,0.6352705410821643
KALUTARA,1995,Yala,2327.0,27.3,13025.0,12701.0,26.36,28.81,24.59,1608.7,1608.7,177.0,15.59,653.51,4.6,Red Yellow Podzolic,Wet,4.219999999999999,9.037640449438202,0.9750499001996008,0.40598248120767844
KALUTARA,1996,Maha,2689.0,40.6,16351.0,16333.0,25.58,28.46,23.35,1299.2,1299.2,152.0,13.06,652.76,4.6,Red Yellow Podzolic,Wet,5.109999999999999,8.491503267973856,0.9988380626223092,0.5020458391016767
KALUTARA,1996,Yala,2184.0,23.6,11842.0,11700.0,26.33,28.68,24.48,1367.1,1367.1,175.0,16.13,652.5,4.6,Red Yellow Podzolic,Wet,4.199999999999999,7.767613636363635,0.9879253567508233,0.47693882026167683
KALUTARA,1997,Maha,2547.0,36.1,15995.0,15355.0,25.86,28.97,23.61,1857.1,1857.1,141.0,11.64,669.3,4.6,Red Yellow Podzolic,Wet,5.359999999999999,13.078169014084507,0.9599274818704676,0.36020666271998275
KALUTARA,1997,Yala,2574.0,27.4,11541.0,11510.0,26.62,29.21,24.62,1225.5,1225.5,173.0,15.03,693.89,4.6,Red Yellow Podzolic,Wet,4.59,7.043103448275862,0.9972275168948189,0.5657480635955973
KALUTARA,1998,Maha,3064.0,43.5,15397.0,15374.0,26.23,28.97,24.14,1375.2,1375.2,148.0,13.77,635.76,4.6,Red Yellow Podzolic,Wet,4.829999999999998,9.229530201342282,0.9984413560202624,0.46196773724749307
KALUTARA,1998,Yala,2696.0,22.4,9636.0,8993.0,27.34,29.84,25.43,1400.0,1400.0,178.0,15.74,703.28,4.6,Red Yellow Podzolic,Wet,4.41,7.82122905027933,0.9331742243436754,0.5019842969307637
KALUTARA,1999,Maha,2859.0,40.0,15455.0,15146.0,25.47,28.4,23.35,1539.9,1539.9,151.0,13.04,629.72,4.6,Red Yellow Podzolic,Wet,5.049999999999997,10.13092105263158,0.9799430641821946,0.408670257641638
KALUTARA,1999,Yala,2488.0,28.7,13244.0,12470.0,26.02,28.23,24.28,1499.6,1499.6,174.0,16.52,638.72,4.6,Red Yellow Podzolic,Wet,3.9499999999999993,8.569142857142857,0.9414873537183843,0.4256430761028922
KALUTARA,2000,Maha,2918.0,40.6,15066.0,15058.0,25.63,28.46,23.47,1441.9,1441.9,154.0,13.4,635.27,4.6,Red Yellow Podzolic,Wet,4.990000000000002,9.30258064516129,0.9994026680825645,0.4402730611962021
KALUTARA,2000,Maha,2918.0,40.6,13019.0,15058.0,25.63,28.46,23.47,1441.9,1441.9,154.0,13.4,635.27,4.6,Red Yellow Podzolic,Wet,4.990000000000002,9.30258064516129,1.1565284178187405,0.4402730611962021
KALUTARA,2000,Maha,2918.0,40.6,15066.0,12910.0,25.63,28.46,23.47,1441.9,1441.9,154.0,13.4,635.27,4.6,Red Yellow Podzolic,Wet,4.990000000000002,9.30258064516129,0.8568394504546359,0.4402730611962021
KALUTARA,2000,Maha,2918.0,40.6,13019.0,12910.0,25.63,28.46,23.47,1441.9,1441.9,154.0,13.4,635.27,4.6,Red Yellow Podzolic,Wet,4.990000000000002,9.30258064516129,0.9915514592933948,0.4402730611962021
KALUTARA,2000,Maha,3358.0,40.6,15066.0,15058.0,25.63,28.46,23.47,1441.9,1441.9,154.0,13.4,635.27,4.6,Red Yellow Podzolic,Wet,4.990000000000002,9.30258064516129,0.9994026680825645,0.4402730611962021
KALUTARA,2000,Maha,3358.0,40.6,13019.0,15058.0,25.63,28.46,23.47,1441.9,1441.9,154.0,13.4,635.27,4.6,Red Yellow Podzolic,Wet,4.990000000000002,9.30258064516129,1.1565284178187405,0.4402730611962021
KALUTARA,2000,Maha,3358.0,40.6,15066.0,12910.0,25.63,28.46,23.47,1441.9,1441.9,154.0,13.4,635.27,4.6,Red Yellow Podzolic,Wet,4.990000000000002,9.30258064516129,0.8568394504546359,0.4402730611962021
KALUTARA,2000,Maha,3358.0,40.6,13019.0,12910.0,25.63,28.46,23.47,1441.9,1441.9,154.0,13.4,635.27,4.6,Red Yellow Podzolic,Wet,4.990000000000002,9.30258064516129,0.9915514592933948,0.4402730611962021
KALUTARA,2000,Yala,2661.0,31.0,12817.0,12807.0,26.2,28.43,24.43,1334.3,1334.3,180.0,16.24,636.09,4.6,Red Yellow Podzolic,Wet,4.0,7.371823204419889,0.9991418317990326,0.47636486182880255
KALUTARA,2001,Maha,2876.0,39.3,14805.0,14798.0,25.69,28.48,23.56,1240.4,1240.4,148.0,12.65,632.95,4.6,Red Yellow Podzolic,Wet,4.920000000000002,8.3248322147651,0.9994596785087126,0.5098678910907041
KALUTARA,2001,Yala,2734.0,32.9,13034.0,13022.0,26.44,28.77,24.59,1219.0,1219.0,178.0,15.92,667.13,4.6,Red Yellow Podzolic,Wet,4.18,6.810055865921788,0.9990026850786344,0.546827868852459
KALUTARA,2002,Maha,2478.0,30.7,14120.0,13414.0,25.91,28.84,23.69,1426.9,1426.9,142.0,12.34,658.38,4.6,Red Yellow Podzolic,Wet,5.149999999999999,9.978321678321679,0.9499327243113094,0.4610827088731704
KALUTARA,2002,Yala,2495.0,29.4,13155.0,12497.0,26.53,28.94,24.7,1306.1,1306.1,174.0,15.75,671.19,4.6,Red Yellow Podzolic,Wet,4.240000000000002,7.463428571428571,0.9499087868653086,0.5134955244434245
KALUTARA,2003,Maha,2426.0,30.0,13487.0,13397.0,25.94,28.86,23.79,1296.8,1296.8,150.0,12.39,647.37,4.6,Red Yellow Podzolic,Wet,5.07,8.588079470198675,0.9932532621589562,0.4988210818307906
KALUTARA,2003,Yala,2364.0,22.8,11701.0,10766.0,26.52,28.99,24.72,1526.7,1526.7,179.0,15.05,644.71,4.6,Red Yellow Podzolic,Wet,4.27,8.481666666666667,0.9200136728764314,0.42201348432283825
KALUTARA,2004,Maha,2865.0,36.0,13642.0,13610.0,25.96,29.1,23.8,1646.5,1646.5,150.0,12.29,650.72,4.6,Red Yellow Podzolic,Wet,5.300000000000001,10.903973509933774,0.9975811771604486,0.3949742033383915
KALUTARA,2004,Yala,2312.0,19.5,9169.0,9140.0,26.52,28.87,24.77,1320.6,1320.6,179.0,16.77,649.68,4.6,Red Yellow Podzolic,Wet,4.100000000000001,7.336666666666666,0.9967284623773174,0.4915859564164649
KALUTARA,2005,Maha,2861.0,34.7,13197.0,13160.0,25.83,28.59,23.78,1301.1,1301.1,138.0,13.71,626.8,4.6,Red Yellow Podzolic,Wet,4.809999999999999,9.360431654676258,0.9971207758751326,0.48137623838414867
KALUTARA,2005,Yala,2335.0,24.7,11479.0,11446.0,26.61,28.96,24.8,1251.1,1251.1,180.0,14.97,663.58,4.6,Red Yellow Podzolic,Wet,4.16,6.912154696132596,0.9970383275261324,0.5299736442776137
KALUTARA,2006,Maha,3170.0,33.4,12511.0,11431.0,25.76,28.72,23.67,2282.1,2282.1,154.0,12.25,614.74,4.6,Red Yellow Podzolic,Wet,5.049999999999997,14.723225806451612,0.9136029411764706,0.2692567123647672
KALUTARA,2006,Yala,2693.0,23.3,9759.0,9385.0,26.47,28.78,24.59,1239.5,1239.5,175.0,15.48,651.37,4.6,Red Yellow Podzolic,Wet,4.190000000000001,7.042613636363637,0.961577868852459,0.525086658605401
KALUTARA,2007,Maha,2884.0,35.8,13476.0,13476.0,25.87,28.8,23.66,1042.8,1042.8,132.0,12.97,648.05,4.6,Red Yellow Podzolic,Wet,5.140000000000001,7.840601503759398,0.9999257995102767,0.6208564859168423
KALUTARA,2007,Yala,3060.0,20.1,7135.0,7114.0,26.55,28.97,24.73,1612.8,1612.8,174.0,14.93,653.58,4.6,Red Yellow Podzolic,Wet,4.239999999999998,9.216,0.9969170403587444,0.404994423100756
KALUTARA,2008,Maha,3115.0,42.1,14684.0,14637.0,25.89,28.76,23.66,1365.3,1365.3,137.0,12.36,661.82,4.6,Red Yellow Podzolic,Wet,5.100000000000001,9.893478260869564,0.9967313585291113,0.48438849447412724
KALUTARA,2008,Yala,2743.0,27.5,12368.0,10849.0,26.04,28.31,24.35,1940.3,1940.3,182.0,14.9,613.67,4.6,Red Yellow Podzolic,Wet,3.9599999999999973,10.602732240437158,0.8771121351766513,0.3161129140266831
KALUTARA,2009,Maha,3208.0,45.2,15369.0,15289.0,26.05,28.96,23.84,1423.2,1423.2,144.0,12.88,662.19,4.6,Red Yellow Podzolic,Wet,5.120000000000001,9.815172413793103,0.9947299934938191,0.4649557646397978
KALUTARA,2009,Yala,2898.0,34.4,12872.0,12863.0,26.52,28.82,24.78,1425.8,1425.8,182.0,15.64,649.47,4.6,Red Yellow Podzolic,Wet,4.039999999999999,7.7912568306010925,0.9992231802998524,0.45519343986543315
KALUTARA,2010,Maha,2917.0,40.4,15024.0,15005.0,25.86,28.47,23.9,1609.4,1609.4,146.0,13.74,604.18,4.6,Red Yellow Podzolic,Wet,4.57,10.948299319727893,0.9986688851913478,0.37517386984600093
KALUTARA,2010,Yala,2682.0,29.5,12025.0,11935.0,26.79,29.14,25.05,1480.5,1480.5,175.0,15.64,640.46,4.6,Red Yellow Podzolic,Wet,4.09,8.411931818181818,0.9924330616996507,0.4323050961862977
KALUTARA,2011,Maha,3367.0,43.7,14151.0,14074.0,25.7,28.39,23.72,1368.2,1368.2,148.0,13.94,604.14,4.6,Red Yellow Podzolic,Wet,4.670000000000002,9.18255033557047,0.9944884115319389,0.4412357581069237
KALUTARA,2011,Yala,2430.0,25.5,11499.0,11394.0,26.4,28.75,24.59,1300.3,1300.3,180.0,15.45,659.31,4.6,Red Yellow Podzolic,Wet,4.16,7.1839779005524855,0.9907826086956522,0.5066548835779605
KALUTARA,2012,Maha,3105.0,38.9,13638.0,13582.0,25.94,28.79,23.79,1451.6,1451.6,140.0,12.06,639.26,4.6,Red Yellow Podzolic,Wet,5.0,10.295035460992906,0.9958208079771245,0.4400798568084814
KALUTARA,2012,Yala,2398.0,16.0,7232.0,7216.0,26.56,28.79,24.77,1113.6,1113.6,175.0,15.71,671.2,4.6,Red Yellow Podzolic,Wet,4.02,6.327272727272727,0.9976496612747131,0.6021891261439082
KALUTARA,2013,Maha,2915.0,34.1,12744.0,12691.0,25.96,28.67,23.84,1222.7,1222.7,139.0,13.78,636.38,4.6,Red Yellow Podzolic,Wet,4.830000000000002,8.733571428571429,0.9957630443311103,0.5200457628503719
KALUTARA,2013,Yala,2539.0,16.2,6906.0,6906.0,26.49,28.72,24.78,1376.8,1376.8,181.0,15.75,648.37,4.6,Red Yellow Podzolic,Wet,3.9399999999999977,7.564835164835165,0.9998552193426958,0.47058353897517785
KALUTARA,2014,Maha,3644.0,43.7,13020.0,12992.0,25.98,28.84,23.9,1671.6,1671.6,147.0,13.25,630.89,4.6,Red Yellow Podzolic,Wet,4.940000000000001,11.294594594594594,0.9977728285077951,0.37719119933038386
KALUTARA,2014,Yala,2817.0,16.3,6272.0,6260.0,26.93,29.38,25.07,1198.6,1198.6,174.0,15.83,687.65,4.6,Red Yellow Podzolic,Wet,4.309999999999999,6.849142857142857,0.9979276263350869,0.5732327442480827
KALUTARA,2015,Maha,3358.0,36.31,11736.0,11722.0,26.12,28.93,24.07,1669.2,1669.2,146.0,11.79,624.06,4.6,Red Yellow Podzolic,Wet,4.859999999999999,11.355102040816327,0.9987219902871262,0.3736438749850317
KALUTARA,2015,Yala,3495.0,25.0,7796.0,7755.0,26.84,29.26,24.99,1310.9,1310.9,179.0,14.88,687.97,4.6,Red Yellow Podzolic,Wet,4.270000000000003,7.2827777777777785,0.9946133128126202,0.5244073481210458
KALUTARA,2016,Maha,3565.0,29.05,8838.0,8834.0,26.45,29.29,24.21,811.3,811.3,129.0,13.41,695.35,4.6,Red Yellow Podzolic,Wet,5.079999999999998,6.240769230769231,0.9994343251499038,0.8560260987319956
KALUTARA,2016,Yala,2954.0,7.59,2799.0,2786.0,27.28,29.64,25.52,1423.2,1423.2,177.0,16.31,692.57,4.6,Red Yellow Podzolic,Wet,4.120000000000001,7.995505617977528,0.995,0.4862870383373122
KALUTARA,2017,Maha,3349.0,34.11,11084.0,11039.0,25.94,29.06,23.32,1464.9,1464.9,156.0,14.97,666.71,4.6,Red Yellow Podzolic,Wet,5.739999999999998,9.330573248407644,0.995850248082995,0.45481274302476293
KALUTARA,2017,Yala,3228.0,16.78,5785.0,5635.0,27.06,29.28,25.01,1394.0,1394.0,182.0,17.13,716.18,4.6,Red Yellow Podzolic,Wet,4.27,7.617486338797814,0.9739025233321811,0.5133906810035842
KALUTARA,2018,Maha,3642.0,34.57,10297.0,10292.0,25.98,29.23,23.15,981.1,981.1,151.0,14.05,695.54,4.6,Red Yellow Podzolic,Wet,6.080000000000002,6.4546052631578945,0.9994173625946786,0.7082170858364728
KALUTARA,2018,Yala,3034.0,17.1,6178.0,6108.0,26.6,28.99,24.6,1481.3,1481.3,183.0,17.01,678.93,4.6,Red Yellow Podzolic,Wet,4.389999999999997,8.050543478260868,0.9885094675513837,0.45802469135802465
KALUTARA,2019,Maha,3641.0,31.88,9556.0,9490.0,25.95,29.2,23.38,1418.0,1418.0,163.0,12.81,639.29,4.6,Red Yellow Podzolic,Wet,5.82,8.646341463414634,0.9929894318300722,0.4505214940098661
KALUTARA,2019,Yala,2857.0,12.5,5076.0,4742.0,27.35,29.77,25.11,1265.0,1265.0,176.0,16.51,728.07,4.6,Red Yellow Podzolic,Wet,4.66,7.146892655367232,0.9340161512704352,0.5750947867298578
KALUTARA,2020,Yala,3380.0,36.15,11653.0,11592.0,27.3,29.84,25.05,1199.8,1199.8,176.0,16.08,723.27,4.6,Red Yellow Podzolic,Wet,4.789999999999999,6.778531073446327,0.9946799382186374,0.602323451032645
KALUTARA,2021,Maha,2563.0,27.35,11939.0,11566.0,25.96,28.96,23.45,1425.4,1425.4,165.0,14.75,656.28,4.6,Red Yellow Podzolic,Wet,5.510000000000002,8.586746987951807,0.9686767169179229,0.4600953449242849
KALUTARA,2021,Yala,3048.0,26.52,9766.0,9429.0,26.82,29.2,24.74,1493.2,1493.2,179.0,16.84,707.39,4.6,Red Yellow Podzolic,Wet,4.460000000000001,8.295555555555556,0.965393672570902,0.47342390576897336
KALUTARA,2022,Maha,2735.0,32.97,13148.0,13071.0,25.73,29.04,22.9,1120.7,1120.7,160.0,15.44,701.92,4.6,Red Yellow Podzolic,Wet,6.140000000000001,6.960869565217392,0.9940679899612138,0.6257644646518676
KALUTARA,2022,Yala,2330.0,22.92,10765.0,10661.0,26.56,29.01,24.38,1686.9,1686.9,180.0,17.97,715.51,4.6,Red Yellow Podzolic,Wet,4.630000000000003,9.31988950276243,0.9902470741222367,0.4239054446353457
KALUTARA,2023,Maha,3032.0,32.14,11547.0,11493.0,25.56,28.98,23.0,2263.4,2263.4,166.0,13.53,633.2,4.6,Red Yellow Podzolic,Wet,5.98,13.553293413173654,0.9952372705230343,0.2796325737502208
KALUTARA,2023,Yala,2487.0,20.91,9132.0,9115.0,26.84,29.6,24.44,1267.6,1267.6,184.0,16.19,749.35,4.6,Red Yellow Podzolic,Wet,5.16,6.851891891891891,0.998029125150553,0.590690524988176
KALUTARA,2024,Maha,2727.0,24.23,9633.0,9630.0,26.35,29.66,23.59,1368.4,1368.4,163.0,14.97,704.71,4.6,Red Yellow Podzolic,Wet,6.07,8.34390243902439,0.9995848038198049,0.5146122389367607
KALUTARA,2024,Yala,2694.0,14.76,5965.0,5939.0,27.38,30.24,24.88,1856.5,1856.5,169.0,16.9,753.13,4.6,Red Yellow Podzolic,Wet,5.359999999999999,10.920588235294117,0.9954743546765001,0.4054535666218035
KALUTARA,2025,Yala,2472.3857029382966,15.08,6617.022473433369,6610.952181885359,26.64,29.43,24.21,1442.6,1442.6,179.0,17.27,723.03,4.6,Red Yellow Podzolic,Wet,5.219999999999999,8.014444444444443,0.9989316609944449,0.5008520365752286
MATARA,1979,Maha,2278.0,36.8,20175.0,19746.0,25.88,28.81,23.92,1311.1,1311.1,158.0,14.56,688.64,5.5,Red Yellow Podzolic,Intermediate,4.889999999999997,8.245911949685533,0.9786875495638382,0.5248380458806494
MATARA,1979,Yala,2185.0,31.4,18134.0,17760.0,26.74,29.21,24.95,770.4,770.4,168.0,20.15,778.2,5.5,Red Yellow Podzolic,Intermediate,4.260000000000002,4.558579881656804,0.9793217535153019,1.0088151413015298
MATARA,1980,Maha,2122.0,43.3,20126.0,19806.0,26.04,29.01,23.86,909.6,909.6,163.0,14.44,749.91,5.5,Red Yellow Podzolic,Intermediate,5.150000000000002,5.546341463414635,0.9840512744075123,0.8235339336701075
MATARA,1980,Yala,2155.0,28.1,16818.0,16732.0,26.82,29.35,24.93,806.4,806.4,173.0,20.16,767.79,5.5,Red Yellow Podzolic,Intermediate,4.420000000000002,4.634482758620689,0.9948272786729294,0.9509412930393857
MATARA,1981,Maha,2711.0,25.4,20281.0,20192.0,25.77,28.74,23.57,693.5,693.5,131.0,15.19,750.46,5.5,Red Yellow Podzolic,Intermediate,5.169999999999998,5.253787878787879,0.9955625677941031,1.080575953923686
MATARA,1981,Yala,2443.0,36.3,18975.0,18769.0,26.58,28.97,24.88,858.8,858.8,174.0,20.28,749.99,5.5,Red Yellow Podzolic,Intermediate,4.09,4.9074285714285715,0.9890914839797639,0.8722842521516633
MATARA,1982,Maha,2876.0,46.3,20151.0,18805.0,25.84,28.91,23.69,975.0,975.0,159.0,13.96,710.74,5.5,Red Yellow Podzolic,Intermediate,5.219999999999999,6.09375,0.9331579992060341,0.7282172131147541
MATARA,1982,Yala,2134.0,29.0,18514.0,17165.0,26.47,28.9,24.74,1074.4,1074.4,178.0,18.92,739.37,5.5,Red Yellow Podzolic,Intermediate,4.16,6.002234636871509,0.9270861463678098,0.6875302213129998
MATARA,1983,Maha,2757.0,43.0,20007.0,19708.0,26.08,28.97,23.95,853.9,853.9,146.0,15.41,733.29,5.5,Red Yellow Podzolic,Intermediate,5.02,5.808843537414965,0.9850059976009596,0.8577494443794595
MATARA,1983,Yala,2249.0,23.7,13471.0,13321.0,27.22,29.93,25.28,720.5,720.5,153.0,19.46,792.05,5.5,Red Yellow Podzolic,Intermediate,4.649999999999999,4.678571428571429,0.988791567695962,1.0977823977823977
MATARA,1984,Maha,3149.0,40.0,19236.0,19090.0,25.57,28.28,23.68,1141.3,1141.3,162.0,15.09,687.06,5.5,Red Yellow Podzolic,Intermediate,4.600000000000001,7.001840490797545,0.9923584758538233,0.601470716974525
MATARA,1984,Yala,2398.0,35.1,18668.0,18525.0,26.15,28.43,24.52,986.0,986.0,167.0,21.16,724.42,5.5,Red Yellow Podzolic,Intermediate,3.91,5.869047619047619,0.9922866784509079,0.7339614994934144
MATARA,1985,Maha,2601.0,37.4,18893.0,18169.0,25.54,28.25,23.68,1223.8,1223.8,162.0,15.32,674.11,5.5,Red Yellow Podzolic,Intermediate,4.57,7.507975460122699,0.9616280300624537,0.5503837361201829
MATARA,1985,Yala,2459.0,34.0,17696.0,17487.0,26.14,28.34,24.56,1040.7,1040.7,180.0,20.97,710.8,5.5,Red Yellow Podzolic,Intermediate,3.780000000000001,5.749723756906078,0.9881335819630446,0.6823461649227224
MATARA,1986,Maha,3264.0,48.8,19211.0,18924.0,25.71,28.52,23.7,924.0,924.0,167.0,15.31,701.89,5.5,Red Yellow Podzolic,Intermediate,4.82,5.5,0.9850093691442848,0.7588
MATARA,1986,Yala,2676.0,37.8,18211.0,17863.0,26.35,28.64,24.71,913.0,913.0,174.0,20.42,727.8,5.5,Red Yellow Podzolic,Intermediate,3.9299999999999997,5.217142857142857,0.9808368108939161,0.7962800875273522
MATARA,1987,Maha,2994.0,42.4,18189.0,17891.0,26.17,28.91,24.23,1015.9,1015.9,161.0,14.9,707.41,5.5,Red Yellow Podzolic,Intermediate,4.68,6.2709876543209875,0.9835623969213854,0.6956534565837349
MATARA,1987,Yala,2503.0,28.8,15042.59,14538.0,26.97,29.37,25.22,944.4,944.4,173.0,18.59,766.94,5.5,Red Yellow Podzolic,Intermediate,4.150000000000002,5.427586206896551,0.9663916658191296,0.8112333403850223
MATARA,1988,Maha,3117.0,46.4,18895.0,18813.0,26.05,28.9,24.0,1008.1,1008.1,159.0,14.73,717.91,5.5,Red Yellow Podzolic,Intermediate,4.899999999999999,6.300625,0.9956075359864521,0.7114359330096125
MATARA,1988,Yala,2948.0,40.9,17654.0,17532.0,26.66,28.9,25.11,1334.8,1334.8,181.0,19.94,685.95,5.5,Red Yellow Podzolic,Intermediate,3.789999999999999,7.334065934065934,0.9930331350892099,0.5135125018715377
MATARA,1989,Maha,3253.0,49.4,19480.0,19213.0,25.83,28.75,23.7,911.6,911.6,148.0,14.86,714.97,5.5,Red Yellow Podzolic,Intermediate,5.050000000000001,6.118120805369128,0.9862430060058519,0.7834429103659873
MATARA,1989,Yala,2721.0,34.5,16297.0,16046.0,26.18,28.51,24.51,1039.0,1039.0,166.0,21.19,721.33,5.5,Red Yellow Podzolic,Intermediate,4.0,6.221556886227545,0.9845379801202602,0.6935865384615385
MATARA,1990,Maha,2696.0,38.7,18259.0,18136.0,26.06,28.91,23.98,940.6,940.6,160.0,15.94,721.93,5.5,Red Yellow Podzolic,Intermediate,4.93,5.842236024844721,0.9932092004381161,0.7667056074766354
MATARA,1990,Yala,3145.0,44.5,17922.0,17885.0,26.61,28.94,24.99,952.8,952.8,177.0,21.0,740.72,5.5,Red Yellow Podzolic,Intermediate,3.950000000000003,5.352808988764044,0.997879819226692,0.7765988676871463
MATARA,1991,Maha,3480.0,53.0,19308.0,19247.0,25.79,28.61,23.73,930.7,930.7,156.0,15.57,695.47,5.5,Red Yellow Podzolic,Intermediate,4.879999999999999,5.928025477707006,0.996789062095396,0.7464527208328862
MATARA,1991,Yala,2307.0,26.7,15192.0,14640.0,26.79,29.15,25.09,1046.7,1046.7,178.0,19.42,742.15,5.5,Red Yellow Podzolic,Intermediate,4.059999999999999,5.847486033519553,0.9636016586585928,0.7083611720912475
MATARA,1992,Maha,2888.0,43.2,19108.0,18917.0,25.68,28.55,23.57,842.9,842.9,141.0,16.56,717.18,5.5,Red Yellow Podzolic,Intermediate,4.98,5.935915492957746,0.9899523784604113,0.8498400284393886
MATARA,1992,Yala,2689.0,30.4,14317.0,14289.0,26.74,29.44,24.82,889.2,889.2,154.0,20.69,779.09,5.5,Red Yellow Podzolic,Intermediate,4.620000000000001,5.736774193548388,0.9979745774549518,0.8751853516063806
MATARA,1993,Maha,3143.0,45.6,18367.0,18342.0,25.86,28.73,23.78,1092.9,1092.9,160.0,15.01,698.97,5.5,Red Yellow Podzolic,Intermediate,4.949999999999999,6.7881987577639755,0.9985844947735192,0.6389706554529664
MATARA,1993,Yala,2658.0,32.8,16575.0,15622.0,26.42,28.82,24.69,1066.0,1066.0,176.0,20.32,730.58,5.5,Red Yellow Podzolic,Intermediate,4.129999999999999,6.022598870056497,0.9424469111969112,0.6847047797563262
MATARA,1994,Maha,2985.0,42.7,18123.0,18108.0,25.67,28.38,23.8,1466.2,1466.2,161.0,13.54,653.64,5.5,Red Yellow Podzolic,Intermediate,4.579999999999998,9.050617283950617,0.9991171926726992,0.4455016357688113
MATARA,1994,Yala,2901.0,39.3,17153.02,17133.0,26.39,28.71,24.69,1003.5,1003.5,175.0,19.89,724.92,5.5,Red Yellow Podzolic,Intermediate,4.02,5.701704545454546,0.998774631252616,0.7216724738675958
MATARA,1995,Maha,2837.0,39.8,17748.0,17717.0,26.05,28.92,23.98,864.0,864.0,148.0,16.18,722.13,5.5,Red Yellow Podzolic,Intermediate,4.940000000000001,5.798657718120805,0.9981970815257197,0.8348323699421966
MATARA,1995,Yala,2804.0,34.8,15763.0,15678.0,26.55,29.12,24.8,1173.7,1173.7,175.0,19.7,740.46,5.5,Red Yellow Podzolic,Intermediate,4.32,6.66875,0.9945445318447095,0.6303396611900911
MATARA,1996,Maha,3357.0,47.8,18046.0,18005.0,25.7,28.49,23.69,1030.7,1030.7,162.0,16.01,702.37,5.5,Red Yellow Podzolic,Intermediate,4.799999999999997,6.323312883435583,0.9976727433922535,0.6807889890472036
MATARA,1996,Yala,2771.0,33.3,15240.0,15198.0,26.34,28.71,24.65,1127.2,1127.2,174.0,19.96,720.86,5.5,Red Yellow Podzolic,Intermediate,4.060000000000002,6.441142857142857,0.9971786628174004,0.6389469952136146
MATARA,1997,Maha,3253.0,44.2,17348.0,17175.0,25.88,28.82,23.87,1248.4,1248.4,163.0,13.62,698.53,5.5,Red Yellow Podzolic,Intermediate,4.949999999999999,7.6121951219512205,0.9899706034929967,0.5590923643348806
MATARA,1997,Yala,2701.0,32.0,15103.0,14997.0,26.69,29.25,24.84,1000.9,1000.9,164.0,18.34,757.99,5.5,Red Yellow Podzolic,Intermediate,4.41,6.0660606060606055,0.992915783898305,0.7565525501547061
MATARA,1998,Maha,3431.0,46.5,17148.0,17147.0,26.36,29.1,24.42,1099.2,1099.2,149.0,17.56,714.9,5.5,Red Yellow Podzolic,Intermediate,4.68,7.328,0.9998833751239139,0.6497909471005271
MATARA,1998,Yala,3215.0,29.0,12056.0,11416.0,27.4,29.95,25.55,902.6,902.6,165.0,19.94,781.09,5.5,Red Yellow Podzolic,Intermediate,4.399999999999999,5.437349397590362,0.9468358629841586,0.8644200973882249
MATARA,1999,Maha,3540.0,47.1,17163.0,16820.0,25.62,28.31,23.71,1286.5,1286.5,163.0,14.92,672.22,5.5,Red Yellow Podzolic,Intermediate,4.599999999999998,7.844512195121951,0.979958051736192,0.5221126213592233
MATARA,1999,Yala,3792.0,45.5,15989.0,15167.0,26.15,28.36,24.55,955.8,955.8,173.0,21.77,729.36,5.5,Red Yellow Podzolic,Intermediate,3.8099999999999987,5.493103448275861,0.9485303314571607,0.7622909698996656
MATARA,2000,Maha,3418.0,46.2,17092.0,17092.0,25.78,28.46,23.89,1332.3,1332.3,161.0,14.87,675.16,5.5,Red Yellow Podzolic,Intermediate,4.57,8.224074074074073,0.9999414965190428,0.5063826595664892
MATARA,2000,Maha,3418.0,46.2,14114.0,17092.0,25.78,28.46,23.89,1332.3,1332.3,161.0,14.87,675.16,5.5,Red Yellow Podzolic,Intermediate,4.57,8.224074074074073,1.2109103790294014,0.5063826595664892
MATARA,2000,Maha,3418.0,46.2,17092.0,13929.0,25.78,28.46,23.89,1332.3,1332.3,161.0,14.87,675.16,5.5,Red Yellow Podzolic,Intermediate,4.57,8.224074074074073,0.814894986251682,0.5063826595664892
MATARA,2000,Maha,3418.0,46.2,14114.0,13929.0,25.78,28.46,23.89,1332.3,1332.3,161.0,14.87,675.16,5.5,Red Yellow Podzolic,Intermediate,4.57,8.224074074074073,0.9868225292242295,0.5063826595664892
MATARA,2000,Maha,3585.0,46.2,17092.0,17092.0,25.78,28.46,23.89,1332.3,1332.3,161.0,14.87,675.16,5.5,Red Yellow Podzolic,Intermediate,4.57,8.224074074074073,0.9999414965190428,0.5063826595664892
MATARA,2000,Maha,3585.0,46.2,14114.0,17092.0,25.78,28.46,23.89,1332.3,1332.3,161.0,14.87,675.16,5.5,Red Yellow Podzolic,Intermediate,4.57,8.224074074074073,1.2109103790294014,0.5063826595664892
MATARA,2000,Maha,3585.0,46.2,17092.0,13929.0,25.78,28.46,23.89,1332.3,1332.3,161.0,14.87,675.16,5.5,Red Yellow Podzolic,Intermediate,4.57,8.224074074074073,0.814894986251682,0.5063826595664892
MATARA,2000,Maha,3585.0,46.2,14114.0,13929.0,25.78,28.46,23.89,1332.3,1332.3,161.0,14.87,675.16,5.5,Red Yellow Podzolic,Intermediate,4.57,8.224074074074073,0.9868225292242295,0.5063826595664892
MATARA,2000,Yala,3639.0,47.1,16416.0,16376.0,26.28,28.47,24.7,1009.7,1009.7,181.0,21.05,709.68,5.5,Red Yellow Podzolic,Intermediate,3.7699999999999996,5.547802197802198,0.9975025887799233,0.7021668150786583
MATARA,2001,Maha,3735.0,44.9,15584.0,15213.0,25.82,28.41,23.93,979.5,979.5,163.0,15.24,677.03,5.5,Red Yellow Podzolic,Intermediate,4.48,5.972560975609756,0.976130895091434,0.6904946455889852
MATARA,2001,Yala,3341.0,38.7,14658.0,14658.0,26.54,28.9,24.82,862.8,862.8,169.0,20.64,746.36,5.5,Red Yellow Podzolic,Intermediate,4.079999999999998,5.075294117647059,0.9999317825226823,0.8640426024542719
MATARA,2002,Maha,3514.0,38.9,14724.0,13989.0,26.04,28.87,24.04,1176.6,1176.6,161.0,15.07,693.71,5.5,Red Yellow Podzolic,Intermediate,4.830000000000002,7.262962962962963,0.9500169779286927,0.5890879755434784
MATARA,2002,Yala,2962.0,30.0,13695.0,13010.0,26.67,29.1,24.94,994.5,994.5,171.0,20.16,745.58,5.5,Red Yellow Podzolic,Intermediate,4.16,5.781976744186046,0.9499123831775701,0.748950276243094
MATARA,2003,Maha,3799.0,41.4,14113.0,13789.0,26.11,28.88,24.06,1029.1,1029.1,153.0,15.72,701.77,5.5,Red Yellow Podzolic,Intermediate,4.82,6.682467532467532,0.9769732180813376,0.6812639549558296
MATARA,2003,Yala,2818.0,29.8,14562.0,13396.0,26.65,29.02,24.98,1166.0,1166.0,176.0,19.61,716.33,5.5,Red Yellow Podzolic,Intermediate,4.039999999999999,6.5875706214689265,0.9198654123463572,0.61382176520994
MATARA,2004,Maha,3785.0,43.9,14862.0,14695.0,26.02,28.93,24.03,1231.5,1231.5,164.0,14.39,691.7,5.5,Red Yellow Podzolic,Intermediate,4.899999999999999,7.463636363636364,0.9886967637758192,0.5612170385395537
MATARA,2004,Yala,3652.0,40.1,13921.0,13906.0,26.55,28.85,24.93,1073.8,1073.8,177.0,21.46,728.94,5.5,Red Yellow Podzolic,Intermediate,3.9200000000000017,6.032584269662921,0.9988507398362304,0.6782098995161892
MATARA,2005,Maha,4025.0,46.6,14782.0,14667.0,26.02,28.78,24.05,969.2,969.2,151.0,16.88,701.6,5.5,Red Yellow Podzolic,Intermediate,4.73,6.376315789473685,0.9921531488872354,0.7231498660070088
MATARA,2005,Yala,3219.0,35.8,14115.0,14103.0,26.74,29.06,25.07,981.7,981.7,172.0,19.88,735.95,5.5,Red Yellow Podzolic,Intermediate,3.9899999999999984,5.674566473988439,0.9990790592235761,0.7489060750992165
MATARA,2006,Maha,3692.0,37.5,13176.0,12858.0,25.9,28.72,23.96,1504.0,1504.0,159.0,14.03,658.42,5.5,Red Yellow Podzolic,Intermediate,4.759999999999998,9.4,0.9757911512483873,0.4374883720930232
MATARA,2006,Yala,3550.0,32.0,11443.0,11415.0,26.57,28.82,24.9,1033.4,1033.4,174.0,20.25,723.47,5.5,Red Yellow Podzolic,Intermediate,3.9200000000000017,5.905142857142858,0.997465921006641,0.6994102861562258
MATARA,2007,Maha,3887.0,45.5,14865.0,14842.0,25.98,28.81,23.92,913.5,913.5,146.0,15.61,696.16,5.5,Red Yellow Podzolic,Intermediate,4.889999999999997,6.214285714285714,0.9983855778286022,0.7612465828321486
MATARA,2007,Yala,3712.0,38.4,13345.0,13118.0,26.63,29.06,24.89,1080.1,1080.1,171.0,19.14,730.39,5.5,Red Yellow Podzolic,Intermediate,4.169999999999998,6.279651162790697,0.9829162295818972,0.6755989270187772
MATARA,2008,Maha,3631.0,64.1,16171.0,15787.0,26.11,28.86,24.12,1003.8,1003.8,149.0,14.33,725.25,5.5,Red Yellow Podzolic,Intermediate,4.739999999999998,6.691999999999999,0.9761934207271827,0.7217854299363058
MATARA,2008,Yala,3755.0,47.2,15975.0,15912.0,26.19,28.42,24.62,1311.0,1311.0,181.0,19.04,692.62,5.5,Red Yellow Podzolic,Intermediate,3.8000000000000007,7.2032967032967035,0.9959939909864797,0.5279115853658537
MATARA,2009,Maha,3641.0,81.2,15908.0,15811.0,26.23,29.07,24.14,1085.3,1085.3,148.0,15.18,715.44,5.5,Red Yellow Podzolic,Intermediate,4.93,7.2838926174496645,0.9938399647997989,0.6586025959679648
MATARA,2009,Yala,3628.0,44.5,15722.0,15538.0,26.66,29.02,25.04,1024.4,1024.4,179.0,19.99,736.66,5.5,Red Yellow Podzolic,Intermediate,3.9800000000000004,5.691111111111112,0.9882337976213191,0.7184123268968207
MATARA,2010,Maha,3474.0,63.3,15925.0,14515.0,26.03,28.63,24.14,1228.3,1228.3,150.0,16.4,674.36,5.5,Red Yellow Podzolic,Intermediate,4.489999999999998,8.134437086092715,0.9114027376616853,0.5485723582526641
MATARA,2010,Yala,3415.0,41.7,15574.0,15467.0,26.99,29.4,25.31,1111.9,1111.9,172.0,20.33,735.33,5.5,Red Yellow Podzolic,Intermediate,4.09,6.427167630057804,0.9930658105939005,0.6607332195165783
MATARA,2011,Maha,3653.0,75.2,15196.0,15177.0,25.95,28.57,24.05,1299.5,1299.5,157.0,15.04,668.84,5.5,Red Yellow Podzolic,Intermediate,4.52,8.224683544303797,0.9986839507797591,0.5142945021145714
MATARA,2011,Yala,3299.0,40.0,15401.0,15372.0,26.53,28.81,24.87,949.1,949.1,178.0,19.68,739.89,5.5,Red Yellow Podzolic,Intermediate,3.9399999999999977,5.302234636871509,0.9980522010128555,0.7787496053047047
MATARA,2012,Maha,3960.0,83.2,15344.0,14613.0,25.99,28.77,23.98,1347.7,1347.7,159.0,13.9,683.39,5.5,Red Yellow Podzolic,Intermediate,4.789999999999999,8.423125,0.952297165200391,0.5067027507970638
MATARA,2012,Yala,3050.0,29.0,12476.0,12034.0,26.64,28.9,24.97,845.4,845.4,166.0,19.98,757.15,5.5,Red Yellow Podzolic,Intermediate,3.9299999999999997,5.062275449101796,0.9644946701931554,0.8945534026465028
MATARA,2013,Maha,3882.0,60.8,13890.0,13847.0,25.97,28.56,24.04,929.4,929.4,167.0,14.96,680.88,5.5,Red Yellow Podzolic,Intermediate,4.52,5.532142857142857,0.9968324814628177,0.7318142734307824
MATARA,2013,Yala,3475.0,31.0,11331.0,11294.0,26.66,28.9,25.02,930.4,930.4,179.0,20.5,741.26,5.5,Red Yellow Podzolic,Intermediate,3.879999999999999,5.168888888888889,0.9966466643134486,0.7958557010951256
MATARA,2014,Maha,4266.0,82.8,14447.0,14304.0,26.04,28.85,24.07,1383.1,1383.1,156.0,15.03,688.3,5.5,Red Yellow Podzolic,Intermediate,4.780000000000001,8.809554140127387,0.9900332225913622,0.4972906581894372
MATARA,2014,Yala,3398.0,30.0,11221.0,11175.0,27.03,29.52,25.29,832.7,832.7,160.0,21.38,784.07,5.5,Red Yellow Podzolic,Intermediate,4.23,5.172049689440994,0.9958117982534308,0.9404701931150294
MATARA,2015,Maha,4055.0,79.12,12100.0,11848.0,26.2,28.92,24.26,1407.9,1407.9,166.0,13.73,669.89,5.5,Red Yellow Podzolic,Intermediate,4.66,8.430538922155689,0.9790926369721511,0.4754702249982255
MATARA,2015,Yala,3861.0,38.7,13655.0,12701.0,26.96,29.39,25.2,959.0,959.0,167.0,18.92,765.72,5.5,Red Yellow Podzolic,Intermediate,4.190000000000001,5.708333333333333,0.9300673696543644,0.797625
MATARA,2016,Maha,4584.0,32.73,11579.0,11509.0,26.51,29.32,24.48,695.8,695.8,150.0,16.54,742.81,5.5,Red Yellow Podzolic,Intermediate,4.84,4.60794701986755,0.9938687392055268,1.0660304247990815
MATARA,2016,Yala,3719.0,18.6,6404.0,6334.0,27.35,29.83,25.64,1074.9,1074.9,173.0,20.64,772.94,5.5,Red Yellow Podzolic,Intermediate,4.189999999999998,6.177586206896552,0.9889149102263857,0.7184124918672739
MATARA,2017,Maha,3808.0,67.35,13488.0,13447.0,26.03,29.29,23.53,1255.7,1255.7,169.0,16.52,685.52,5.5,Red Yellow Podzolic,Intermediate,5.759999999999998,7.386470588235294,0.9968863518422418,0.5454921620116177
MATARA,2017,Yala,3491.0,32.08,11921.0,11636.0,27.16,29.86,25.04,881.4,881.4,183.0,20.69,759.83,5.5,Red Yellow Podzolic,Intermediate,4.82,4.790217391304347,0.9760107364536151,0.8610947416137806
MATARA,2018,Maha,4160.0,89.15,12950.0,12801.0,25.94,29.45,23.31,1130.7,1130.7,157.0,15.14,699.21,5.5,Red Yellow Podzolic,Intermediate,6.140000000000001,7.156329113924051,0.9884178827889738,0.6178404170716622
MATARA,2018,Yala,3866.0,36.81,12223.0,12062.0,26.61,29.24,24.66,1300.4,1300.4,179.0,20.67,703.36,5.5,Red Yellow Podzolic,Intermediate,4.579999999999998,7.224444444444445,0.9867473821989529,0.54046411556785
MATARA,2019,Maha,3886.0,87.9,11746.0,11596.0,25.94,29.18,23.55,1491.5,1491.5,168.0,15.4,649.76,5.5,Red Yellow Podzolic,Intermediate,5.629999999999999,8.825443786982248,0.9871456542095854,0.4353500837520938
MATARA,2019,Yala,3240.0,22.38,11306.0,8750.0,27.14,29.75,25.0,1062.1,1062.1,171.0,19.11,721.49,5.5,Red Yellow Podzolic,Intermediate,4.75,6.175,0.773856902803573,0.6786661649891826
MATARA,2020,Yala,3573.0,38.08,13913.0,13499.0,27.4,30.32,25.17,919.3,919.3,167.0,19.88,760.16,5.5,Red Yellow Podzolic,Intermediate,5.149999999999999,5.472023809523809,0.9701739255426189,0.8259915245028795
MATARA,2021,Maha,2764.0,59.81,13685.0,13178.0,25.89,29.07,23.5,1336.6,1336.6,172.0,16.93,666.12,5.5,Red Yellow Podzolic,Intermediate,5.57,7.7260115606936415,0.9628817769983925,0.49799641148325363
MATARA,2021,Yala,3727.0,40.79,14082.0,13862.0,26.78,29.55,24.65,1009.1,1009.1,178.0,20.16,732.19,5.5,Red Yellow Podzolic,Intermediate,4.900000000000002,5.637430167597765,0.9843073208833345,0.7248688248688249
MATARA,2022,Maha,3406.0,76.86,14567.0,14463.0,25.67,29.11,23.01,1039.4,1039.4,167.0,16.98,711.5,5.5,Red Yellow Podzolic,Intermediate,6.099999999999998,6.186904761904763,0.9927924217462932,0.6838715878508266
MATARA,2022,Yala,2730.0,28.18,13321.0,13072.0,26.59,29.36,24.4,1132.9,1132.9,177.0,20.94,749.29,5.5,Red Yellow Podzolic,Intermediate,4.960000000000001,6.364606741573034,0.9812340489416004,0.6608078313784284
MATARA,2023,Maha,3158.0,73.24,10376.0,10201.0,25.6,29.02,23.15,2037.8,2037.8,172.0,15.37,643.63,5.5,Red Yellow Podzolic,Intermediate,5.870000000000001,11.779190751445087,0.9830394140888503,0.31569060231508733
MATARA,2023,Yala,2999.0,22.99,12972.0,9709.0,26.96,29.95,24.57,865.4,865.4,180.0,20.04,790.19,5.5,Red Yellow Podzolic,Intermediate,5.379999999999999,4.78121546961326,0.7484005241655747,0.9120383194829179
MATARA,2024,Maha,3479.0,72.06,10811.0,10809.0,26.42,30.05,23.75,1165.0,1165.0,163.0,17.91,737.64,5.5,Red Yellow Podzolic,Intermediate,6.300000000000001,7.103658536585366,0.9997225305216426,0.6326243567753002
MATARA,2024,Yala,2936.0,24.69,10649.0,10649.0,27.28,30.33,24.88,1350.2,1350.2,173.0,19.66,770.45,5.5,Red Yellow Podzolic,Intermediate,5.449999999999999,7.759770114942529,0.999906103286385,0.5701968620485495
MATARA,2025,Yala,3968.762525846204,30.87,9851.67849631594,9851.67849631594,26.8,30.04,24.43,1051.2,1051.2,174.0,21.4,762.01,5.5,Red Yellow Podzolic,Intermediate,5.609999999999999,6.006857142857143,0.9998985047568157,0.7242064246340999
